,content,engine,positions,pretty_url,pubdate,score,title,url,searchvalue,searchquery,ResponseCategory,country,contentDate,Date
0,... the government is reportedly considering imposing a full lockdown on elderly Israelis. The measure would forbid all men aged 70 and up and ...,startpage,[1],https://www.timesofisrael.com/israel-m[...]-home-instead-of-full-lockdown-report/,2020-03-24 01:26:28,1.0,Israel may order elderly into full lockdown -- report | The Times of Israel,https://www.timesofisrael.com/israel-may-order-just-elderly-to-stay-at-home-instead-of-full-lockdown-report/,lockdown+imposes,israel+lockdown+imposes,lockdown,israel,... the government is reportedly considering imposing a full lockdown on elderly Israelis. The measure would forbid all men aged 70 and up and,2020-03-24 01:26:28
1,IDF brings 30 sailors back from Germany after country imposes lockdown ... An Israeli Navy officer inspects the INS Dragon submarine currently ...,startpage,[2],https://www.timesofisrael.com/idf-brin[...]ermany-after-country-imposes-lockdown/,2020-03-23 01:26:28,0.5,IDF brings 30 sailors back from Germany after country imposes ...,https://www.timesofisrael.com/idf-brings-30-sailors-back-from-germany-after-country-imposes-lockdown/,lockdown+imposes,israel+lockdown+imposes,lockdown,israel,IDF brings 30 sailors back from Germany after country imposes lockdown An Israeli Navy officer inspects the INS Dragon submarine currently,2020-03-23 01:26:28
2,"Israeli archives remind us that the first Hebrew city has seen empty, ... when the British imposed martial law on the Jewish communities of ...",startpage,[3],https://www.haaretz.com/israel-news/.p[...]kdown-we-ve-seen-that-before-1.8707253,2020-03-25 01:26:28,0.3333333333333333,IN PHOTOS: Tel Aviv on lockdown? We've seen that before - Israel ...,https://www.haaretz.com/israel-news/.premium.MAGAZINE-in-photos-tel-aviv-in-lockdown-we-ve-seen-that-before-1.8707253,lockdown+imposes,israel+lockdown+imposes,lockdown,israel,"Israeli archives remind us that the first Hebrew city has seen empty, when the British imposed martial law on the Jewish communities of",2020-03-25 01:26:28
3,Health Ministry officials are seeking a complete shutdown for a period of one week to be imposed on the entire population after Israelis were ...,startpage,[4],https://www.ynetnews.com/article/ryZKS00II8,2020-03-24 01:26:28,0.25,Israel tightens coronavirus enforcement but no full lockdown yet,https://www.ynetnews.com/article/ryZKS00II8,lockdown+imposes,israel+lockdown+imposes,lockdown,israel,Health Ministry officials are seeking a complete shutdown for a period of one week to be imposed on the entire population after Israelis were,2020-03-24 01:26:28
4,"Israeli Prime Minister Benjamin Netanyahu on Thursday tightened a ... On Wednesday, Netanyahu threatened to impose lockdown orders, ...",startpage,[5],https://www.reuters.com/article/us-hea[...]home-in-partial-lockdown-idUSKBN21622D,2020-03-20 01:26:28,0.2,Israel orders citizens to stay home in partial lockdown - Reuters,https://www.reuters.com/article/us-health-coronavirus-israel/israel-orders-citizens-to-stay-home-in-partial-lockdown-idUSKBN21622D,lockdown+imposes,israel+lockdown+imposes,lockdown,israel,"Israeli Prime Minister Benjamin Netanyahu on Thursday tightened a On Wednesday, Netanyahu threatened to impose lockdown orders,",2020-03-20 01:26:28
5,Israelis were waiting on Tuesday night for the government to roll out the latest steps of its creeping lockdown in the coronavirus crisis. ... Belgium to Impose Coronavirus Lockdown From Wednesday · 31 Israelis in Serious ...,startpage,[6],https://hamodia.com/2020/03/24/israelis-wait-update-creeping-lockdown/,2020-03-25 01:26:28,0.16666666666666666,Israelis Wait for Update on Creeping Lockdown | Hamodia.com,https://hamodia.com/2020/03/24/israelis-wait-update-creeping-lockdown/,lockdown+imposes,israel+lockdown+imposes,lockdown,israel,Israelis were waiting on Tuesday night for the government to roll out the latest steps of its creeping lockdown in the coronavirus crisis. Belgium to Impose Coronavirus Lockdown From Wednesday · 31 Israelis in Serious,2020-03-25 01:26:28
6,JERUSALEM — Israel said Monday that it would mandate a two-week quarantine for anyone arriving on an international flight in a dramatic ...,startpage,[1],https://www.washingtonpost.com/world/m[...]61f6-11ea-8a8e-5c5336b32760_story.html,2020-03-09 00:00:00,1.0,Israel imposes quarantine for all arriving international travelers - The ...,https://www.washingtonpost.com/world/middle_east/israel-announces-that-anyone-coming-from-abroad-will-be-quarantined-for-14-days/2020/03/09/f133dd9a-61f6-11ea-8a8e-5c5336b32760_story.html,quarantin+impose,israel+quarantin+impose,lockdown,israel,JERUSALEM — Israel said Monday that it would mandate a two-week quarantine for anyone arriving on an international flight in a dramatic,2020-03-09 00:00:00
7,"Israel is imposing a 14-day quarantine on anyone who arrives from abroad, officials announced Monday.",startpage,[2],https://thehill.com/policy/healthcare/[...]14-day-quarantine-on-all-arrivals-from,2020-03-09 00:00:00,0.5,Israel imposing 14-day quarantine on all arrivals from abroad | TheHill,https://thehill.com/policy/healthcare/public-global-health/486667-israel-imposing-14-day-quarantine-on-all-arrivals-from,quarantin+impose,israel+quarantin+impose,lockdown,israel,"Israel is imposing a 14-day quarantine on anyone who arrives from abroad, officials announced Monday.",2020-03-09 00:00:00
8,"Israel will impose a two-week quarantine on all travellers entering the country, Prime Minister Benjamin Netanyahu said Monday, toughening ...",startpage,[3],https://www.france24.com/en/20200310-i[...]-for-all-everyone-entering-the-country,2020-03-10 00:00:00,0.3333333333333333,Israel announces two-week quarantine for everyone entering the ...,https://www.france24.com/en/20200310-israel-announces-two-week-quarantine-for-all-everyone-entering-the-country,quarantin+impose,israel+quarantin+impose,lockdown,israel,"Israel will impose a two-week quarantine on all travellers entering the country, Prime Minister Benjamin Netanyahu said Monday, toughening",2020-03-10 00:00:00
9,"Israelis returning from Egypt have been instructed to enter a 14-day home quarantine since their last day in the country, among rising ...",startpage,[4],https://www.timesofisrael.com/liveblog-march-9-2020/,2020-03-09 00:00:00,0.25,Report: Pence pushed Israel to quarantine all arrivals rather than ...,https://www.timesofisrael.com/liveblog-march-9-2020/,quarantin+impose,israel+quarantin+impose,lockdown,israel,"Israelis returning from Egypt have been instructed to enter a 14-day home quarantine since their last day in the country, among rising",2020-03-09 00:00:00
10,9 Mar 2020 ...,startpage,[5],https://www.bbc.com/news/world-middle-east-51809818,,0.2,Israel declares 14-day quarantine for all arrivals,https://www.bbc.com/news/world-middle-east-51809818,quarantin+impose,israel+quarantin+impose,lockdown,israel,2020-03-09,2020-03-09 00:00:00
11,"Israel will require anyone arriving from overseas to self-quarantine for 14 days as a precaution against the spread of coronavirus, Prime ...",startpage,[6],https://www.algemeiner.com/2020/03/09/[...]oronavirus-quarantine-on-all-arrivals/,2020-03-09 00:00:00,0.16666666666666666,Israel Imposes Unprecedented Mandatory 14-Day Coronavirus ...,https://www.algemeiner.com/2020/03/09/israel-imposes-unprecedented-mandatory-14-day-coronavirus-quarantine-on-all-arrivals/,quarantin+impose,israel+quarantin+impose,lockdown,israel,"Israel will require anyone arriving from overseas to self-quarantine for 14 days as a precaution against the spread of coronavirus, Prime",2020-03-09 00:00:00
12,"Israel will impose a two-week quarantine on all travellers entering the country, Prime Minister Benjamin Netanyahu said Monday, toughening ...",startpage,[7],https://m.economictimes.com/news/inter[...]-all-arrivals/articleshow/74560395.cms,2020-03-10 00:00:00,0.14285714285714285,Coronavirus: Israel PM announces two-week quarantine for all arrivals,https://m.economictimes.com/news/international/world-news/coronavirus-israel-pm-announces-two-week-quarantine-for-all-arrivals/articleshow/74560395.cms,quarantin+impose,israel+quarantin+impose,lockdown,israel,"Israel will impose a two-week quarantine on all travellers entering the country, Prime Minister Benjamin Netanyahu said Monday, toughening",2020-03-10 00:00:00
13,"Israel is expected to impose further restrictions and regulations on the ... out in the country, more than 200,000 Israelis have entered quarantine.",startpage,[8],https://www.jpost.com/Israel-News/Isra[...]as-coronavirus-crisis-continues-620887,2020-03-14 00:00:00,0.125,"Israel to restrict movement, work, as coronavirus crisis continues ...",https://www.jpost.com/Israel-News/Israel-to-restrict-movement-work-as-coronavirus-crisis-continues-620887,quarantin+impose,israel+quarantin+impose,lockdown,israel,"Israel is expected to impose further restrictions and regulations on the out in the country, more than 200,000 Israelis have entered quarantine.",2020-03-14 00:00:00
14,"Israel will impose a two-week quarantine on all travellers entering the country, Prime Minister Benjamin Netanyahu said Monday, toughening ...",startpage,[9],https://economictimes.indiatimes.com/n[...]-all-arrivals/articleshow/74560395.cms,2020-03-10 00:00:00,0.1111111111111111,Coronavirus: Israel PM announces two-week quarantine for all arrivals,https://economictimes.indiatimes.com/news/international/world-news/coronavirus-israel-pm-announces-two-week-quarantine-for-all-arrivals/articleshow/74560395.cms,quarantin+impose,israel+quarantin+impose,lockdown,israel,"Israel will impose a two-week quarantine on all travellers entering the country, Prime Minister Benjamin Netanyahu said Monday, toughening",2020-03-10 00:00:00
15,11 Mar 2020 ...,startpage,[10],https://www.thejc.com/news/uk-news/unc[...]ael-imposes-14-day-quarantine-1.497913,,0.1,Uncertainty over families' Pesach travel plans after Israel mandates ...,https://www.thejc.com/news/uk-news/uncertainty-over-jewish-families-pesach-travel-plans-as-israel-imposes-14-day-quarantine-1.497913,quarantin+impose,israel+quarantin+impose,lockdown,israel,2020-03-11,2020-03-11 00:00:00
16,"The government will reportedly shut down public transportation, order all ... put many Israelis have continued to venture out, for work or leisure, ...",startpage,[1],https://www.timesofisrael.com/no-buses[...]w-restrictions-said-set-to-be-applied/,2020-03-24 01:26:31,1.0,"No buses, strolls or shopping: Drastic new restrictions said set to be ...",https://www.timesofisrael.com/no-buses-strolls-or-shopping-drastic-new-restrictions-said-set-to-be-applied/,shutdown+shops,israel+shutdown+shops,lockdown,israel,"The government will reportedly shut down public transportation, order all put many Israelis have continued to venture out, for work or leisure,",2020-03-24 01:26:31
17,"An Israeli woman shops at a supermarket in Jerusalem on March 14, ... that all educational institutions would be shut down starting Sunday, ...",startpage,[2],https://www.timesofisrael.com/no-more-[...]yer-quorums-the-new-virus-regulations/,2020-03-15 00:00:00,0.5,"No more daycare, restaurants, gyms or shopping malls: The new ...",https://www.timesofisrael.com/no-more-daycare-restaurants-gyms-or-prayer-quorums-the-new-virus-regulations/,shutdown+shops,israel+shutdown+shops,lockdown,israel,"An Israeli woman shops at a supermarket in Jerusalem on March 14, that all educational institutions would be shut down starting Sunday,",2020-03-15 00:00:00
18,JERUSALEM (AP) — Israel's parliament reconvened Monday after the country's Supreme Court ordered it to reopen for the selection of a new ...,startpage,[3],https://rapidcityjournal.com/news/worl[...]e1128-6cc7-5091-af76-71e456bcddc0.html,2020-03-23 01:26:31,0.3333333333333333,Israeli parliament reconvenes after 5-day shutdown | World ...,https://rapidcityjournal.com/news/world/israeli-parliament-reconvenes-after--day-shutdown/article_aa1e1128-6cc7-5091-af76-71e456bcddc0.html,shutdown+shops,israel+shutdown+shops,lockdown,israel,JERUSALEM (AP) — Israel's parliament reconvened Monday after the country's Supreme Court ordered it to reopen for the selection of a new,2020-03-23 01:26:31
19,"How can I earn my living now?” said Mohammed Gamal, a worker in a coffee shop that was shut down. In Israel, which reported 427 infections, ...",startpage,[5],https://abcnews.go.com/International/w[...]fatalities-virus-numbers-rise-69658922,2020-03-18 00:00:00,0.2,"Virus death toll spikes in Iran, with total now at 1,135 - ABC News",https://abcnews.go.com/International/wireStory/israeli-government-warns-fatalities-virus-numbers-rise-69658922,shutdown+shops,israel+shutdown+shops,lockdown,israel,"How can I earn my living now?” said Mohammed Gamal, a worker in a coffee shop that was shut down. In Israel, which reported 427 infections,",2020-03-18 00:00:00
20,"Running Out of iPhones, Vacuums and Fish: Coronavirus Shutdown Hits Israeli Stores. China's manufacturing shutdown, in an attempt to contain ...",startpage,[6],https://www.haaretz.com/israel-news/bu[...]shutdown-hits-israeli-stores-1.8525466,2020-02-12 00:00:00,0.16666666666666666,"Running out of iPhones, vacuums and fish: Coronavirus shutdown ...",https://www.haaretz.com/israel-news/business/.premium-running-out-of-iphones-vacuums-and-fish-coronavirus-shutdown-hits-israeli-stores-1.8525466,shutdown+shops,israel+shutdown+shops,lockdown,israel,"Running Out of iPhones, Vacuums and Fish: Coronavirus Shutdown Hits Israeli Stores. China's manufacturing shutdown, in an attempt to contain",2020-02-12 00:00:00
21,Some entrepreneurs hurt by the coronavirus shutdown say they're facing ... The Sephardi Chief Rabbi of Israel ruled Wednesday that observant Jews can use ... FRANCE: The country closed most shops and markets Monday.,startpage,[7],https://www.washingtonpost.com/world/2020/03/18/coronavirus-latest-news/,2020-03-20 01:26:31,0.14285714285714285,Trump signs bill to ensure paid leave for many Americans - The ...,https://www.washingtonpost.com/world/2020/03/18/coronavirus-latest-news/,shutdown+shops,israel+shutdown+shops,lockdown,israel,Some entrepreneurs hurt by the coronavirus shutdown say they're facing The Sephardi Chief Rabbi of Israel ruled Wednesday that observant Jews can use FRANCE: The country closed most shops and markets Monday.,2020-03-20 01:26:31
22,"France and Israel moved on Saturday to close restaurants, cafes, movie ... travel restrictions to the entire country until April 3 and shuttered all retailers and ... Italy tightens coronavirus shutdown, closes all businesses except ...",startpage,[8],https://www.axios.com/coronavirus-isra[...]6793a-7c15-4618-99da-077b9ecf2575.html,2020-03-14 00:00:00,0.125,Israel and France to close restaurants and cafes - Axios,https://www.axios.com/coronavirus-israel-france-pandemic-cfa6793a-7c15-4618-99da-077b9ecf2575.html,shutdown+shops,israel+shutdown+shops,lockdown,israel,"France and Israel moved on Saturday to close restaurants, cafes, movie travel restrictions to the entire country until April 3 and shuttered all retailers and Italy tightens coronavirus shutdown, closes all businesses except",2020-03-14 00:00:00
23,"Israeli police officers order owners to shut down their shops in order to reduce the spread of the coronavirus, at a food market in Tel Aviv, Israel, ...",startpage,[9],https://www.heraldbulletin.com/news/na[...]b8c7f-bf78-52a4-a3ed-31b59740ce8b.html,2020-03-23 01:26:31,0.1111111111111111,Israeli Supreme Court to rule on demand to reopen parliament ...,https://www.heraldbulletin.com/news/nation_world/israeli-supreme-court-to-rule-on-demand-to-reopen-parliament/article_33db8c7f-bf78-52a4-a3ed-31b59740ce8b.html,shutdown+shops,israel+shutdown+shops,lockdown,israel,"Israeli police officers order owners to shut down their shops in order to reduce the spread of the coronavirus, at a food market in Tel Aviv, Israel,",2020-03-23 01:26:31
24,"Police ordered closed several shops that were open in Beirut in violation of the shutdown order, and a group of swimmers were cleared from ...",startpage,[10],https://www.jpost.com/Middle-East/Leba[...]-now-faces-coronavirus-shutdown-621162,2020-03-16 00:00:00,0.1,Lebanon now faces coronavirus shutdown - The Jerusalem Post,https://www.jpost.com/Middle-East/Lebanon-now-faces-coronavirus-shutdown-621162,shutdown+shops,israel+shutdown+shops,lockdown,israel,"Police ordered closed several shops that were open in Beirut in violation of the shutdown order, and a group of swimmers were cleared from",2020-03-16 00:00:00
25,"In recent days, Netanyahu and his surrogates have shut down Israel's court system in advance of his trial on corruption charges, have begun ...",startpage,[1],https://www.aljazeera.com/news/2020/03[...]oronavirus-crisis-200319172525611.html,2020-03-20 01:26:32,1.0,Netanyahu accused of dictatorship amid coronavirus crisis | News ...,https://www.aljazeera.com/news/2020/03/netanyahu-accused-dictatorship-coronavirus-crisis-200319172525611.html,shut+down,israel+shut+down,lockdown,israel,"In recent days, Netanyahu and his surrogates have shut down Israel's court system in advance of his trial on corruption charges, have begun",2020-03-20 01:26:32
26,Israel's prime minister has shut down the courts and ordered the government to track people by their cellphone data in the name of fighting an ...,startpage,[2],https://www.nytimes.com/2020/03/18/wor[...]middleeast/israel-virus-netanyahu.html,2020-03-18 00:00:00,0.5,Netanyahu's Bold Moves: Fighting a Virus or Risking Democracy ...,https://www.nytimes.com/2020/03/18/world/middleeast/israel-virus-netanyahu.html,shut+down,israel+shut+down,lockdown,israel,Israel's prime minister has shut down the courts and ordered the government to track people by their cellphone data in the name of fighting an,2020-03-18 00:00:00
27,"By next Monday, Israel may well be under total shutdown due to the coronavirus, led by a government that was inaugurated five years and four ...",startpage,[3],https://www.haaretz.com/israel-news/el[...]raeli-democracy-is-shut-down-1.8688367,2020-03-20 01:26:32,0.3333333333333333,"For the first time ever, Israeli democracy has been shut down - Haaretz",https://www.haaretz.com/israel-news/elections/.premium-for-first-time-ever-israeli-democracy-is-shut-down-1.8688367,shut+down,israel+shut+down,lockdown,israel,"By next Monday, Israel may well be under total shutdown due to the coronavirus, led by a government that was inaugurated five years and four",2020-03-20 01:26:32
28,5 days ago ...,startpage,[4],https://www.middleeasteye.net/news/cor[...]own-authorities-continue-evict-bedouin,,0.25,"Coronavirus: As Israel shuts down, authorities destroy Bedouin crops",https://www.middleeasteye.net/news/coronavirus-israel-shut-down-authorities-continue-evict-bedouin,shut+down,israel+shut+down,lockdown,israel,2020-03-21,2020-03-21 00:00:00
29,"Israel's prime minister has shut down courts, ordered the internal security services to covertly track citizens using cellphone data and has ...",startpage,[5],https://www.latimes.com/world-nation/s[...]020-03-18/israel-coronavirus-netanyahu,2020-03-18 00:00:00,0.2,Critics in Israel say Netanyahu using coronavirus as pretext for ...,https://www.latimes.com/world-nation/story/2020-03-18/israel-coronavirus-netanyahu,shut+down,israel+shut+down,lockdown,israel,"Israel's prime minister has shut down courts, ordered the internal security services to covertly track citizens using cellphone data and has",2020-03-18 00:00:00
30,"Israeli's Benjamin Netanyahu ordered the closing of non-essential businesses and advised workers to stay away from offices, the latest steps ...",startpage,[6],https://www.bloomberg.com/news/article[...]down-of-economy-in-fight-against-virus,2020-03-14 00:00:00,0.16666666666666666,Israel Orders Partial Shutdown of Economy in Fight Against Virus ...,https://www.bloomberg.com/news/articles/2020-03-14/israel-orders-partial-shutdown-of-economy-in-fight-against-virus,shut+down,israel+shut+down,lockdown,israel,"Israeli's Benjamin Netanyahu ordered the closing of non-essential businesses and advised workers to stay away from offices, the latest steps",2020-03-14 00:00:00
31,The government is expected to announce further steps designed to shut down most of the market within several days.,startpage,[7],https://www.jpost.com/Israel-News/Isra[...]as-coronavirus-crisis-continues-620887,2020-03-14 00:00:00,0.14285714285714285,"Israel to restrict movement, work, as coronavirus crisis continues ...",https://www.jpost.com/Israel-News/Israel-to-restrict-movement-work-as-coronavirus-crisis-continues-620887,shut+down,israel+shut+down,lockdown,israel,The government is expected to announce further steps designed to shut down most of the market within several days.,2020-03-14 00:00:00
32,"Over the weekend, Israel shut down its land border with Egypt and restricted crossings from Jordan. International airlines have already reduced or ...",startpage,[8],https://www.ft.com/content/40d25f30-6237-11ea-b3f3-fe4680ea68b5,2020-03-09 00:00:00,0.125,Israel forces all international travellers to self-isolate for two weeks,https://www.ft.com/content/40d25f30-6237-11ea-b3f3-fe4680ea68b5,shut+down,israel+shut+down,lockdown,israel,"Over the weekend, Israel shut down its land border with Egypt and restricted crossings from Jordan. International airlines have already reduced or",2020-03-09 00:00:00
33,Netanyahu will choice between ordering a general shutdown of the ... Prime Minister Benjamin Netanyahu told Israelis on Thursday there was ...,startpage,[9],https://www.timesofisrael.com/liveblog-march-14-2020/,2020-03-14 00:00:00,0.1111111111111111,"As courts put on emergency footing, speculation Netanyahu trial ...",https://www.timesofisrael.com/liveblog-march-14-2020/,shut+down,israel+shut+down,lockdown,israel,Netanyahu will choice between ordering a general shutdown of the Prime Minister Benjamin Netanyahu told Israelis on Thursday there was,2020-03-14 00:00:00
34,"JERUSALEM (JTA) — Knesset Speaker Yuli Edelstein has adjourned the Israeli parliament until Monday, citing the need for talks on a unity ...",startpage,[10],https://www.jta.org/2020/03/18/israel/[...]ending-agreement-on-forming-committees,2020-03-18 00:00:00,0.1,Israeli parliament shut down in move critics call a breach of democracy,https://www.jta.org/2020/03/18/israel/knesset-speaker-closes-parliament-pending-agreement-on-forming-committees,shut+down,israel+shut+down,lockdown,israel,"JERUSALEM (JTA) — Knesset Speaker Yuli Edelstein has adjourned the Israeli parliament until Monday, citing the need for talks on a unity",2020-03-18 00:00:00
35,"Tourists visiting Israel will be required to leave the country in the coming days, as part of new travel restrictions to block the spread of the ...",startpage,[1],https://www.timesofisrael.com/tourists[...]el-as-part-of-new-travel-restrictions/,2020-03-10 00:00:00,1.0,Tourists will need to leave Israel as part of new travel restrictions ...,https://www.timesofisrael.com/tourists-will-need-to-leave-israel-as-part-of-new-travel-restrictions/,travel+restrictions,israel+travel+restrictions,boarders,israel,"Tourists visiting Israel will be required to leave the country in the coming days, as part of new travel restrictions to block the spread of the",2020-03-10 00:00:00
36,Travelers should be prepared for travel restrictions related to COVID-19 to be put into effect with little or no advance notice. Flights into or out of ...,startpage,[3],https://il.usembassy.gov/covid-19-information/,2020-03-23 01:26:33,0.3333333333333333,COVID-19 Information | U.S. Embassy in Israel,https://il.usembassy.gov/covid-19-information/,travel+restrictions,israel+travel+restrictions,boarders,israel,Travelers should be prepared for travel restrictions related to COVID-19 to be put into effect with little or no advance notice. Flights into or out of,2020-03-23 01:26:33
37,"Any country or area may restrict travel without notice. If you live in the UK and are currently travelling abroad, you are strongly advised to return ...",startpage,[4],https://www.gov.uk/foreign-travel-advice/israel,2020-03-20 01:26:33,0.25,Israel travel advice - GOV.UK,https://www.gov.uk/foreign-travel-advice/israel,travel+restrictions,israel+travel+restrictions,boarders,israel,"Any country or area may restrict travel without notice. If you live in the UK and are currently travelling abroad, you are strongly advised to return",2020-03-20 01:26:33
38,"The Government of Israel is continually updating its travel restrictions and quarantine policies. In addition, the Israeli Population and Immigration ...",startpage,[5],https://travel.state.gov/content/trave[...]est-bank-and-gaza-travel-advisory.html,2020-03-13 00:00:00,0.2,"Israel, The West Bank and Gaza Travel Advisory",https://travel.state.gov/content/travel/en/traveladvisories/traveladvisories/israel-west-bank-and-gaza-travel-advisory.html,travel+restrictions,israel+travel+restrictions,boarders,israel,"The Government of Israel is continually updating its travel restrictions and quarantine policies. In addition, the Israeli Population and Immigration",2020-03-13 00:00:00
39,"To prevent the spread of COVID−19, Israel and the Palestinian Authority have introduced additional travel restrictions. Israel is denying entry to ...",startpage,[7],https://www.smartraveller.gov.au/desti[...]ast/israel-and-palestinian-territories,2020-03-20 01:26:33,0.14285714285714285,Israel and the Palestinian Territories Travel Advice & Safety ...,https://www.smartraveller.gov.au/destinations/middle-east/israel-and-palestinian-territories,travel+restrictions,israel+travel+restrictions,boarders,israel,"To prevent the spread of COVID−19, Israel and the Palestinian Authority have introduced additional travel restrictions. Israel is denying entry to",2020-03-20 01:26:33
40,5 days ago ...,startpage,[10],https://www.theguardian.com/travel/202[...]uk-countries-restrictions-fco-warnings,,0.1,Coronavirus travel updates: which countries have restrictions and ...,https://www.theguardian.com/travel/2020/mar/20/coronavirus-travel-ban-advice-updates-uk-countries-restrictions-fco-warnings,travel+restrictions,israel+travel+restrictions,boarders,israel,2020-03-21,2020-03-21 00:00:00
41,Foreign citizens will be granted entry into Israel only if they can meet the requirement of a 14-day home-quarantine.,startpage,[1],"https://www.calcalistech.com/ctech/articles/0,7340,L-3799925,00.html",2020-03-09 00:00:00,1.0,"For Fear of Coronavirus, Israel Closes all Borders - CTech","https://www.calcalistech.com/ctech/articles/0,7340,L-3799925,00.html",closes+boarders,israel+closes+boarders,boarders,israel,Foreign citizens will be granted entry into Israel only if they can meet the requirement of a 14-day home-quarantine.,2020-03-09 00:00:00
42,9 Mar 2020 ...,startpage,[2],https://www.middleeastmonitor.com/2020[...]-egypt-borders-amid-coronavirus-fears/,,0.5,Israel closes Egypt borders amid coronavirus fears,https://www.middleeastmonitor.com/20200309-israel-closes-egypt-borders-amid-coronavirus-fears/,closes+boarders,israel+closes+boarders,boarders,israel,2020-03-09,2020-03-09 00:00:00
43,10 Mar 2020 ...,startpage,[3],https://www.thejc.com/news/israel/isra[...]gners-who-cannot-self-isolate-1.497881,,0.3333333333333333,Israel set to quarantine all arrivals from abroad amid 58 confirmed ...,https://www.thejc.com/news/israel/israeli-coronavirus-crackdown-closes-border-to-all-foreigners-who-cannot-self-isolate-1.497881,closes+boarders,israel+closes+boarders,boarders,israel,2020-03-10,2020-03-10 00:00:00
44,Israel closed its borders with Syria and Lebanon on Friday amid rising fears of virus outbreak - Anadolu Agency.,startpage,[4],https://www.aa.com.tr/en/latest-on-cor[...]-with-egypt-due-to-coronavirus/1758801,2020-03-08 00:00:00,0.25,Israel closes land border with Egypt due to coronavirus,https://www.aa.com.tr/en/latest-on-coronavirus-outbreak/israel-closes-land-border-with-egypt-due-to-coronavirus/1758801,closes+boarders,israel+closes+boarders,boarders,israel,Israel closed its borders with Syria and Lebanon on Friday amid rising fears of virus outbreak - Anadolu Agency.,2020-03-08 00:00:00
45,"You mistakenly think, 'Oh, we closed our borders. We're fine.'” The Israeli government has defended all measures put in place, including border ...",startpage,[5],https://www.timesofisrael.com/doctors-[...]uld-help-israel-fight-spread-of-virus/,2020-03-08 00:00:00,0.2,Doctors union head: Keeping borders open could help Israel fight ...,https://www.timesofisrael.com/doctors-union-head-keeping-borders-open-could-help-israel-fight-spread-of-virus/,closes+boarders,israel+closes+boarders,boarders,israel,"You mistakenly think, 'Oh, we closed our borders. We're fine.'” The Israeli government has defended all measures put in place, including border",2020-03-08 00:00:00
46,"To adapt the apocryphal British newspaper headline ""Fog in channel - Continent cut off,"" Israel is setting about containing the Covid-19 virus by ...",startpage,[7],https://en.globes.co.il/en/article-isr[...]loses-borders-world-cut-off-1001320711,2020-03-05 00:00:00,0.14285714285714285,"Israel closes borders, world cut off - Globes",https://en.globes.co.il/en/article-israel-closes-borders-world-cut-off-1001320711,closes+boarders,israel+closes+boarders,boarders,israel,"To adapt the apocryphal British newspaper headline ""Fog in channel - Continent cut off,"" Israel is setting about containing the Covid-19 virus by",2020-03-05 00:00:00
47,File photo of the Taba border crossing between Egypt and Israel. All Israeli nationals returning from Egypt are required to spend 14 days in ...,startpage,[8],https://www.i24news.tv/en/news/israel/[...]sing-into-egypt-over-coronavirus-fears,2020-03-08 00:00:00,0.125,Israel closes border crossing into Egypt over coronavirus ... - i24NEWS,https://www.i24news.tv/en/news/israel/diplomacy-defense/1583680035-israel-closes-border-crossing-into-egypt-over-coronavirus-fears,closes+boarders,israel+closes+boarders,boarders,israel,File photo of the Taba border crossing between Egypt and Israel. All Israeli nationals returning from Egypt are required to spend 14 days in,2020-03-08 00:00:00
48,"""We might be forced, in coordination with the Israeli side, to close the bridge [crossing] in the coming days, and hopefully we will not have to do ...",startpage,[9],https://www.jpost.com/Breaking-News/Pa[...]ordan-to-close-border-crossings-620306,2020-03-10 00:00:00,0.1111111111111111,Palestinian PM: We may close border with Jordan in coming days ...,https://www.jpost.com/Breaking-News/Palestinian-PM-Coordinating-with-Jordan-to-close-border-crossings-620306,closes+boarders,israel+closes+boarders,boarders,israel,"""We might be forced, in coordination with the Israeli side, to close the bridge [crossing] in the coming days, and hopefully we will not have to do",2020-03-10 00:00:00
49,"Land border crossings may be closed with little or no advance notice. As of March 18, the Government of Israel announced the closure of its ...",startpage,[10],https://il.usembassy.gov/covid-19-information/,2020-03-23 01:26:35,0.1,COVID-19 Information | U.S. Embassy in Israel,https://il.usembassy.gov/covid-19-information/,closes+boarders,israel+closes+boarders,boarders,israel,"Land border crossings may be closed with little or no advance notice. As of March 18, the Government of Israel announced the closure of its",2020-03-23 01:26:35
50,"Netanyahu announces 'tough, but vital decision' □ Order for Israelis ... travel restrictions, challenges in returning home or accessing health ...",startpage,[1],https://www.haaretz.com/israel-news/.p[...]quarantine-some-u-s-arrivals-1.8638322,2020-03-10 00:00:00,1.0,"Israel extends coronavirus quarantine orders to all arrivals, 58 cases ...",https://www.haaretz.com/israel-news/.premium-israeli-with-coronavirus-in-severe-condition-israel-may-quarantine-some-u-s-arrivals-1.8638322,Travel+ban,israel+Travel+ban,boarders,israel,"Netanyahu announces 'tough, but vital decision' □ Order for Israelis travel restrictions, challenges in returning home or accessing health",2020-03-10 00:00:00
51,"On March 4, the Israeli Health Ministry issued a travel ban on incoming tourists from Germany, France, Spain, Switzerland and Austria and ...",startpage,[2],https://www.haaretz.com/opinion/.premi[...]travel-ban-for-fear-of-trump-1.8657013,2020-03-09 00:00:00,0.5,Netanyahu exempted U.S. from coronavirus travel ban for fear of ...,https://www.haaretz.com/opinion/.premium-netanyahu-exempted-u-s-from-coronavirus-travel-ban-for-fear-of-trump-1.8657013,Travel+ban,israel+Travel+ban,boarders,israel,"On March 4, the Israeli Health Ministry issued a travel ban on incoming tourists from Germany, France, Spain, Switzerland and Austria and",2020-03-09 00:00:00
52,14 hours ago ... Amnesty International today submitted a petition to the Jerusalem District Court seeking to have a cruel travel ban imposed by the Israeli ...,startpage,[3],https://www.amnesty.org/en/latest/news[...]el-travel-ban-on-amnesty-staff-member/,,0.3333333333333333,ISRAEL/ OPT: End cruel travel ban on Amnesty staff member ...,https://www.amnesty.org/en/latest/news/2020/03/israel-opt-end-cruel-travel-ban-on-amnesty-staff-member/,Travel+ban,israel+Travel+ban,boarders,israel,2020-03-25,2020-03-25 00:00:00
53,"COVID-19 Exceptional Travel Advisory Notice. As countries respond to the COVID-19 pandemic, including travel and border restrictions, the ...",startpage,[4],https://www.gov.uk/foreign-travel-advice/israel,2020-03-20 01:26:37,0.25,Israel travel advice - GOV.UK,https://www.gov.uk/foreign-travel-advice/israel,Travel+ban,israel+Travel+ban,boarders,israel,"COVID-19 Exceptional Travel Advisory Notice. As countries respond to the COVID-19 pandemic, including travel and border restrictions, the",2020-03-20 01:26:37
54,"Tourists visiting Israel will be required to leave the country in the coming days, as part of new travel restrictions to block the spread of the ...",startpage,[5],https://www.timesofisrael.com/tourists[...]el-as-part-of-new-travel-restrictions/,2020-03-10 00:00:00,0.2,Tourists will need to leave Israel as part of new travel restrictions ...,https://www.timesofisrael.com/tourists-will-need-to-leave-israel-as-part-of-new-travel-restrictions/,Travel+ban,israel+Travel+ban,boarders,israel,"Tourists visiting Israel will be required to leave the country in the coming days, as part of new travel restrictions to block the spread of the",2020-03-10 00:00:00
55,"The Government of Israel is continually updating its travel restrictions and quarantine policies. In addition, the Israeli Population and Immigration ...",startpage,[7],https://travel.state.gov/content/trave[...]est-bank-and-gaza-travel-advisory.html,2020-03-13 00:00:00,0.14285714285714285,"Israel, The West Bank and Gaza Travel Advisory",https://travel.state.gov/content/travel/en/traveladvisories/traveladvisories/israel-west-bank-and-gaza-travel-advisory.html,Travel+ban,israel+Travel+ban,boarders,israel,"The Government of Israel is continually updating its travel restrictions and quarantine policies. In addition, the Israeli Population and Immigration",2020-03-13 00:00:00
56,"Israel has already imposed travel bans on a host of different countries, including France, Italy, Spain, Austria, Germany and Switzerland, along ...",startpage,[9],https://www.i24news.tv/en/news/interna[...]-ban-against-us-over-coronavirus-fears,2020-03-07 00:00:00,0.1111111111111111,Israel reportedly weighing travel ban against US over ... - i24NEWS,https://www.i24news.tv/en/news/international/1583559821-israel-reportedly-weighing-travel-ban-against-us-over-coronavirus-fears,Travel+ban,israel+Travel+ban,boarders,israel,"Israel has already imposed travel bans on a host of different countries, including France, Italy, Spain, Austria, Germany and Switzerland, along",2020-03-07 00:00:00
57,The Foreign and Commonwealth Office (FCO) is advising British ... Israeli Home Front Command have declared an emergency situation in ...,startpage,[1],https://www.gov.uk/foreign-travel-advice/israel,2020-03-20 01:26:38,1.0,Israel travel advice - GOV.UK,https://www.gov.uk/foreign-travel-advice/israel,home+office,israel+home+office,HomeOffice,israel,The Foreign and Commonwealth Office (FCO) is advising British Israeli Home Front Command have declared an emergency situation in,2020-03-20 01:26:38
58,"Israeli Prime Minister Benjamin Netanyahu on Thursday ordered most schools in the country to close as a precaution against coronavirus, and ...",startpage,[1],https://www.reuters.com/article/us-hea[...]lls-for-unity-government-idUSKBN20Z38E,2020-03-12 00:00:00,1.0,"Israel's Netanyahu orders schools closed, calls for unity government ...",https://www.reuters.com/article/us-health-coronavirus-israel-palestinian/israels-netanyahu-orders-schools-closed-calls-for-unity-government-idUSKBN20Z38E,schools+shut,israel+schools+shut,schools,israel,"Israeli Prime Minister Benjamin Netanyahu on Thursday ordered most schools in the country to close as a precaution against coronavirus, and",2020-03-12 00:00:00
59,Israel's chief rabbis cautioned religious Jews to avoid visiting the Western Wall . The nation's schools and universities were also closed as of ...,startpage,[2],https://www.timesofisrael.com/virus-ca[...]ayer-schools-hotels-and-theaters-shut/,2020-03-13 00:00:00,0.5,"Virus cases hit 127 as synagogues curb prayer; schools, hotels and ...",https://www.timesofisrael.com/virus-cases-hit-126-as-synagogues-curb-prayer-schools-hotels-and-theaters-shut/,schools+shut,israel+schools+shut,schools,israel,Israel's chief rabbis cautioned religious Jews to avoid visiting the Western Wall . The nation's schools and universities were also closed as of,2020-03-13 00:00:00
60,"“We are closing the schools and the universities,” the premier announced on live television. He said the closure didn't include preschools and ...",startpage,[3],https://www.timesofisrael.com/israel-c[...]nyahu-issues-dire-coronavirus-warning/,2020-03-12 00:00:00,0.3333333333333333,"Israel closes schools, universities as Netanyahu issues dire ...",https://www.timesofisrael.com/israel-closes-schools-universities-as-netanyahu-issues-dire-coronavirus-warning/,schools+shut,israel+schools+shut,schools,israel,"“We are closing the schools and the universities,” the premier announced on live television. He said the closure didn't include preschools and",2020-03-12 00:00:00
61,"The head of Israel Teachers' Union, Yaffa Ben-David, called Thursday for all educational institutions across the country to shut due to the ...",startpage,[4],https://www.ynetnews.com/article/HJfqeowSU,2020-03-12 00:00:00,0.25,Teachers wants schools shut as coronavirus hits Israel's education ...,https://www.ynetnews.com/article/HJfqeowSU,schools+shut,israel+schools+shut,schools,israel,"The head of Israel Teachers' Union, Yaffa Ben-David, called Thursday for all educational institutions across the country to shut due to the",2020-03-12 00:00:00
62,"Earlier in the day, after the Education Ministry reported that only 85% of students showed up for school, it held a meeting on the subject of closing ...",startpage,[5],https://www.jpost.com/HEALTH-SCIENCE/C[...]ion-Ministry-to-shutter-schools-620688,2020-03-12 00:00:00,0.2,"Israel shutters schools, universities as coronavirus patients top 100 ...",https://www.jpost.com/HEALTH-SCIENCE/Coronavirus-Teachers-Union-calls-on-Education-Ministry-to-shutter-schools-620688,schools+shut,israel+schools+shut,schools,israel,"Earlier in the day, after the Education Ministry reported that only 85% of students showed up for school, it held a meeting on the subject of closing",2020-03-12 00:00:00
63,"Israel will be closing down all schools and universities in an attempt to slow down the spread of the novel coronavirus, Prime Minister Benjamin ...",startpage,[6],https://www.haaretz.com/israel-news/.p[...]agogue-closes-aipac-positive-1.8660231,2020-03-13 00:00:00,0.16666666666666666,Israel shutters schools and universities as coronavirus cases rise to ...,https://www.haaretz.com/israel-news/.premium-israel-25-more-coronavirus-new-regulations-toronto-synagogue-closes-aipac-positive-1.8660231,schools+shut,israel+schools+shut,schools,israel,"Israel will be closing down all schools and universities in an attempt to slow down the spread of the novel coronavirus, Prime Minister Benjamin",2020-03-13 00:00:00
64,"Twenty-four Israeli patients in serious condition □ Palestinian PM ... of a UNRWA school at al-Shati refugee camp in Gaza City, March 18, 2020 ...",startpage,[7],https://www.haaretz.com/israel-news/do[...]ine-after-arriving-in-israel-1.8689682,2020-03-24 01:26:39,0.14285714285714285,"Palestinian PM orders West Bank lockdown; more than 1,000 ...",https://www.haaretz.com/israel-news/dozens-of-new-york-hasidic-jews-in-coronavirus-quarantine-after-arriving-in-israel-1.8689682,schools+shut,israel+schools+shut,schools,israel,"Twenty-four Israeli patients in serious condition □ Palestinian PM of a UNRWA school at al-Shati refugee camp in Gaza City, March 18, 2020",2020-03-24 01:26:39
65,"JERUSALEM (JTA) — Israel's schools and universities will close due to the spread of coronavirus, Prime Minister Benjamin Netanyahu ...",startpage,[8],https://www.jta.org/quick-reads/israel[...]ls-and-universities-due-to-coronavirus,2020-03-12 00:00:00,0.125,Israel closes schools and universities due to coronavirus - Jewish ...,https://www.jta.org/quick-reads/israel-will-close-schools-and-universities-due-to-coronavirus,schools+shut,israel+schools+shut,schools,israel,"JERUSALEM (JTA) — Israel's schools and universities will close due to the spread of coronavirus, Prime Minister Benjamin Netanyahu",2020-03-12 00:00:00
66,Israel's prime minister has shut down the courts and ordered the ... ordering new arrivals into quarantine and closing down the public schools.,startpage,[9],https://www.nytimes.com/2020/03/18/wor[...]middleeast/israel-virus-netanyahu.html,2020-03-18 00:00:00,0.1111111111111111,Netanyahu's Bold Moves: Fighting a Virus or Risking Democracy ...,https://www.nytimes.com/2020/03/18/world/middleeast/israel-virus-netanyahu.html,schools+shut,israel+schools+shut,schools,israel,Israel's prime minister has shut down the courts and ordered the ordering new arrivals into quarantine and closing down the public schools.,2020-03-18 00:00:00
67,"On Thursday, Netanyahu announced the nationwide closure of schools and universities. “We are closing the schools and the universities,” ...",startpage,[10],https://www.jns.org/amid-new-virus-cas[...]s-possible-nationwide-school-closures/,2020-03-12 00:00:00,0.1,"Amid new virus cases in Israel, synagogue restrictions, nationwide ...",https://www.jns.org/amid-new-virus-cases-in-israel-synagogue-restrictions-possible-nationwide-school-closures/,schools+shut,israel+schools+shut,schools,israel,"On Thursday, Netanyahu announced the nationwide closure of schools and universities. “We are closing the schools and the universities,”",2020-03-12 00:00:00
68,"Israeli Prime Minister Benjamin Netanyahu on Thursday ordered most schools in the country to close as a precaution against coronavirus, and ...",startpage,[1],https://www.reuters.com/article/us-hea[...]lls-for-unity-government-idUSKBN20Z38E,2020-03-12 00:00:00,1.0,"Israel's Netanyahu orders schools closed, calls for unity government ...",https://www.reuters.com/article/us-health-coronavirus-israel-palestinian/israels-netanyahu-orders-schools-closed-calls-for-unity-government-idUSKBN20Z38E,schools+closed,israel+schools+closed,schools,israel,"Israeli Prime Minister Benjamin Netanyahu on Thursday ordered most schools in the country to close as a precaution against coronavirus, and",2020-03-12 00:00:00
69,Schools and kindergartens are incubators of infectious diseases. ... he close down Israel's educational institutions and move students to remote ...,startpage,[2],https://www.jpost.com/HEALTH-SCIENCE/C[...]ion-Ministry-to-shutter-schools-620688,2020-03-12 00:00:00,0.5,"Israel shutters schools, universities as coronavirus patients top 100 ...",https://www.jpost.com/HEALTH-SCIENCE/Coronavirus-Teachers-Union-calls-on-Education-Ministry-to-shutter-schools-620688,schools+closed,israel+schools+closed,schools,israel,Schools and kindergartens are incubators of infectious diseases. he close down Israel's educational institutions and move students to remote,2020-03-12 00:00:00
70,"JERUSALEM (JTA) — Israel's schools and universities will close due to the spread of coronavirus, Prime Minister Benjamin Netanyahu ...",startpage,[3],https://www.jta.org/quick-reads/israel[...]ls-and-universities-due-to-coronavirus,2020-03-12 00:00:00,0.3333333333333333,Israel closes schools and universities due to coronavirus - Jewish ...,https://www.jta.org/quick-reads/israel-will-close-schools-and-universities-due-to-coronavirus,schools+closed,israel+schools+closed,schools,israel,"JERUSALEM (JTA) — Israel's schools and universities will close due to the spread of coronavirus, Prime Minister Benjamin Netanyahu",2020-03-12 00:00:00
71,"National Security Council, education and health ministries hold consultations; Teachers' Union urges PM to shut all education institutions; ...",startpage,[4],https://www.timesofisrael.com/israels-[...]l-after-passover-due-to-virus-reports/,2020-03-12 00:00:00,0.25,Israel's schools to be shuttered until after Passover due to virus ...,https://www.timesofisrael.com/israels-schools-to-be-shuttered-until-after-passover-due-to-virus-reports/,schools+closed,israel+schools+closed,schools,israel,"National Security Council, education and health ministries hold consultations; Teachers' Union urges PM to shut all education institutions;",2020-03-12 00:00:00
72,"A closed school in the northern Israeli city of Tzfat, March 13, 2020, as part of preventive measures amid fears over the spread of the ...",startpage,[5],https://www.timesofisrael.com/israel-s[...]workplaces-gatherings-no-lockdown-yet/,2020-03-13 00:00:00,0.2,"Israel set for drastic new restrictions on workplaces, gatherings; no ...",https://www.timesofisrael.com/israel-set-for-drastic-restrictions-on-workplaces-gatherings-no-lockdown-yet/,schools+closed,israel+schools+closed,schools,israel,"A closed school in the northern Israeli city of Tzfat, March 13, 2020, as part of preventive measures amid fears over the spread of the",2020-03-13 00:00:00
73,"Most of Israel's schools and universities will close due to the spread of coronavirus, Prime Minister Benjamin Netanyahu announced yesterday.",startpage,[6],https://www.cjnews.com/news/israel/isr[...]ls-and-universities-due-to-coronavirus,2020-03-13 00:00:00,0.16666666666666666,Israel closes most schools and universities due to coronavirus,https://www.cjnews.com/news/israel/israel-closes-most-schools-and-universities-due-to-coronavirus,schools+closed,israel+schools+closed,schools,israel,"Most of Israel's schools and universities will close due to the spread of coronavirus, Prime Minister Benjamin Netanyahu announced yesterday.",2020-03-13 00:00:00
74,"Israel: 126 Confirmed Virus Cases, as Schools Closed, Shuls Prepare for Shabbos. By Yoni Weiss. Friday, March 13, 2020 at 5:05 am | י""ז אדר ...",startpage,[7],https://hamodia.com/2020/03/13/israel-[...]-schools-closed-shuls-prepare-shabbos/,2020-03-13 00:00:00,0.14285714285714285,"Israel: 126 Confirmed Virus Cases, as Schools Closed, Shuls ...",https://hamodia.com/2020/03/13/israel-126-confirmed-virus-cases-schools-closed-shuls-prepare-shabbos/,schools+closed,israel+schools+closed,schools,israel,"Israel: 126 Confirmed Virus Cases, as Schools Closed, Shuls Prepare for Shabbos. By Yoni Weiss. Friday, March 13, 2020 at 5:05 am | י""ז אדר",2020-03-13 00:00:00
75,"Israel will be closing down all schools and universities in an attempt to slow down the spread of the novel coronavirus, Prime Minister Benjamin ...",startpage,[8],https://www.haaretz.com/israel-news/.p[...]agogue-closes-aipac-positive-1.8660231,2020-03-13 00:00:00,0.125,Israel shutters schools and universities as coronavirus cases rise to ...,https://www.haaretz.com/israel-news/.premium-israel-25-more-coronavirus-new-regulations-toronto-synagogue-closes-aipac-positive-1.8660231,schools+closed,israel+schools+closed,schools,israel,"Israel will be closing down all schools and universities in an attempt to slow down the spread of the novel coronavirus, Prime Minister Benjamin",2020-03-13 00:00:00
76,"Hungary closes schools, bans entry from Israel over coronavirus - Prime Minister Viktor Orbán announced a number of new measures his ...",startpage,[9],https://index.hu/english/2020/03/13/hu[...]coronavirus_viktor_orban_announcement/,2020-03-13 00:00:00,0.1111111111111111,"Hungary closes schools, bans entry from Israel over coronavirus",https://index.hu/english/2020/03/13/hungary_coronavirus_viktor_orban_announcement/,schools+closed,israel+schools+closed,schools,israel,"Hungary closes schools, bans entry from Israel over coronavirus - Prime Minister Viktor Orbán announced a number of new measures his",2020-03-13 00:00:00
77,"More alcogel and antiseptic wet wipes have been sold in Israel in recent weeks than in all of ... Consumer goods / Photo: Bar Lavi , Globes.",startpage,[8],https://en.globes.co.il/en/article-sal[...]er-products-in-israel-up-45-1001322818,2020-03-23 01:26:42,0.125,Sales of consumer products in Israel up 45% - Globes,https://en.globes.co.il/en/article-sales-of-consumer-products-in-israel-up-45-1001322818,bars+restaurants,israel+bars+restaurants,restaurants,israel,"More alcogel and antiseptic wet wipes have been sold in Israel in recent weeks than in all of Consumer goods / Photo: Bar Lavi , Globes.",2020-03-23 01:26:42
78,"France and Israel moved on Saturday to close restaurants, cafes, movie ... Italy tightens coronavirus shutdown, closes all businesses except pharmacies and ... Schools, bars and restaurants were ordered to close in Spain on ...",startpage,[1],https://www.axios.com/coronavirus-isra[...]6793a-7c15-4618-99da-077b9ecf2575.html,2020-03-14 00:00:00,1.0,Israel and France to close restaurants and cafes - Axios,https://www.axios.com/coronavirus-israel-france-pandemic-cfa6793a-7c15-4618-99da-077b9ecf2575.html,closed+bars+restaurants,israel+closed+bars+restaurants,restaurants,israel,"France and Israel moved on Saturday to close restaurants, cafes, movie Italy tightens coronavirus shutdown, closes all businesses except pharmacies and Schools, bars and restaurants were ordered to close in Spain on",2020-03-14 00:00:00
79,"An Israeli woman shops at a supermarket in Jerusalem on March 14, ... those that provide takeout — along with bars, pubs and dance clubs. ... It confirmed that all restaurants and entertainment venues would be closed, save ...",startpage,[2],https://www.timesofisrael.com/no-more-[...]yer-quorums-the-new-virus-regulations/,2020-03-15 00:00:00,0.5,"No more daycare, restaurants, gyms or shopping malls: The new ...",https://www.timesofisrael.com/no-more-daycare-restaurants-gyms-or-prayer-quorums-the-new-virus-regulations/,closed+bars+restaurants,israel+closed+bars+restaurants,restaurants,israel,"An Israeli woman shops at a supermarket in Jerusalem on March 14, those that provide takeout — along with bars, pubs and dance clubs. It confirmed that all restaurants and entertainment venues would be closed, save",2020-03-15 00:00:00
80,Get The Times of Israel's Daily Edition by email and never miss our top stories ... All bars and restaurants in Ohio are closed until further notice.,startpage,[3],https://www.timesofisrael.com/partys-o[...]tes-close-bars-restaurants-over-virus/,2020-03-16 00:00:00,0.3333333333333333,"Party's over: 4 US states close bars, restaurants over virus | The ...",https://www.timesofisrael.com/partys-over-4-us-states-close-bars-restaurants-over-virus/,closed+bars+restaurants,israel+closed+bars+restaurants,restaurants,israel,Get The Times of Israel's Daily Edition by email and never miss our top stories All bars and restaurants in Ohio are closed until further notice.,2020-03-16 00:00:00
81,"New York's Kosher Restaurants Feeling the Pinch as Coronavirus Pandemic Closes Bars, Eateries Across City ...",startpage,[4],https://www.algemeiner.com/2020/03/16/[...]emic-closes-bars-eateries-across-city/,2020-03-16 00:00:00,0.25,New York's Kosher Restaurants Feeling the Pinch as Coronavirus ...,https://www.algemeiner.com/2020/03/16/new-yorks-kosher-restaurants-feeling-the-pinch-as-coronavirus-pandemic-closes-bars-eateries-across-city/,closed+bars+restaurants,israel+closed+bars+restaurants,restaurants,israel,"New York's Kosher Restaurants Feeling the Pinch as Coronavirus Pandemic Closes Bars, Eateries Across City",2020-03-16 00:00:00
82,"NYC Mayor Shutters All Bars, Restaurants and Closes Nation's Largest ... on Sunday announced the closure of all bars and restaurants in the city except for ... He is a veteran of the Israeli Defense Forces and a trained violist.",startpage,[7],https://www.nationalreview.com/news/ny[...]ations-largest-public-school-district/,2020-03-16 00:00:00,0.14285714285714285,"NYC Mayor Shutters All Bars, Restaurants and Closes Nation's ...",https://www.nationalreview.com/news/nyc-mayor-shutters-all-bars-restaurants-and-closes-nations-largest-public-school-district/,closed+bars+restaurants,israel+closed+bars+restaurants,restaurants,israel,"NYC Mayor Shutters All Bars, Restaurants and Closes Nation's Largest on Sunday announced the closure of all bars and restaurants in the city except for He is a veteran of the Israeli Defense Forces and a trained violist.",2020-03-16 00:00:00
83,"L.A. Bars, Restaurants Closed for Two Weeks Due to Coronavirus ... who attended the America Israel Public Affairs Committee (AIPAC) policy ...",startpage,[8],https://jewishjournal.com/news/los_ang[...]osed-for-two-weeks-due-to-coronavirus/,2020-03-16 00:00:00,0.125,"L.A. Bars, Restaurants Closed for Two Weeks Due to Coronavirus",https://jewishjournal.com/news/los_angeles/312167/l-a-bars-restaurants-closed-for-two-weeks-due-to-coronavirus/,closed+bars+restaurants,israel+closed+bars+restaurants,restaurants,israel,"L.A. Bars, Restaurants Closed for Two Weeks Due to Coronavirus who attended the America Israel Public Affairs Committee (AIPAC) policy",2020-03-16 00:00:00
84,"Effective immediately, Spain is also closing all restaurants, bars, hotels, ... Israel will impose a partial shutdown of its economy beginning ...",startpage,[9],https://www.cnbc.com/2020/03/14/corona[...]-apple-shuts-stores-outside-china.html,2020-03-14 00:00:00,0.1111111111111111,"France closes most stores on coronavirus fears, Spain imposes ...",https://www.cnbc.com/2020/03/14/coronavirus-live-updates-florida-cases-increase-apple-shuts-stores-outside-china.html,closed+bars+restaurants,israel+closed+bars+restaurants,restaurants,israel,"Effective immediately, Spain is also closing all restaurants, bars, hotels, Israel will impose a partial shutdown of its economy beginning",2020-03-14 00:00:00
85,"New York City schools and restaurants and bars will close this week. ... More than a dozen states have already closed schools, creating ... [Read: To track coronavirus, Israel moves to tap secret trove of cellphone data.].",startpage,[10],https://www.nytimes.com/2020/03/15/world/coronavirus-live.html,2020-03-15 00:00:00,0.1,"C.D.C. Gives New Guidelines, New York to Close Restaurants and ...",https://www.nytimes.com/2020/03/15/world/coronavirus-live.html,closed+bars+restaurants,israel+closed+bars+restaurants,restaurants,israel,"New York City schools and restaurants and bars will close this week. More than a dozen states have already closed schools, creating [Read: To track coronavirus, Israel moves to tap secret trove of cellphone data.].",2020-03-15 00:00:00
86,"""Mass layoffs and hotels closing down - the hotel sector in Israel is on the brink of ... Gov't to set up NIS 4b fund to help virus-hit businesses.",startpage,[2],https://en.globes.co.il/en/article-isr[...]hotels-on-brink-of-collapse-1001321145,2020-03-09 00:00:00,0.5,"""Israel's hotels on brink of collapse"" - Globes",https://en.globes.co.il/en/article-israels-hotels-on-brink-of-collapse-1001321145,Business+close,israel+Business+close,Business,israel,"""Mass layoffs and hotels closing down - the hotel sector in Israel is on the brink of Gov't to set up NIS 4b fund to help virus-hit businesses.",2020-03-09 00:00:00
87,Twenty-four Israeli patients in serious condition □ Palestinian PM orders lockdown in West Bank □ Gaza confirms first coronavirus cases.,startpage,[6],https://www.haaretz.com/israel-news/do[...]ine-after-arriving-in-israel-1.8689682,2020-03-24 01:26:45,0.16666666666666666,"Palestinian PM orders West Bank lockdown; more than 1,000 ...",https://www.haaretz.com/israel-news/dozens-of-new-york-hasidic-jews-in-coronavirus-quarantine-after-arriving-in-israel-1.8689682,Business+close,israel+Business+close,Business,israel,Twenty-four Israeli patients in serious condition □ Palestinian PM orders lockdown in West Bank □ Gaza confirms first coronavirus cases.,2020-03-24 01:26:45
88,Among the new measures Prime Minister Benjamin Netanyahu will announce this evening to restrict travel to work and the closure of many ...,startpage,[9],https://www.timesofisrael.com/liveblog[...]of-businesses-restrict-travel-to-work/,2020-03-14 00:00:00,0.1111111111111111,"Israel said set to order closing of malls, cafes, many businesses ...",https://www.timesofisrael.com/liveblog_entry/israel-to-reportedly-order-closing-of-businesses-restrict-travel-to-work/,Business+close,israel+Business+close,Business,israel,Among the new measures Prime Minister Benjamin Netanyahu will announce this evening to restrict travel to work and the closure of many,2020-03-14 00:00:00
89,"Israeli's Benjamin Netanyahu ordered the closing of non-essential businesses and advised workers to stay away from offices, the latest steps ...",startpage,[1],https://www.bloomberg.com/news/article[...]down-of-economy-in-fight-against-virus,2020-03-14 00:00:00,1.0,Israel Orders Partial Shutdown of Economy in Fight Against Virus ...,https://www.bloomberg.com/news/articles/2020-03-14/israel-orders-partial-shutdown-of-economy-in-fight-against-virus,Business+shut+down,israel+Business+shut+down,Business,israel,"Israeli's Benjamin Netanyahu ordered the closing of non-essential businesses and advised workers to stay away from offices, the latest steps",2020-03-14 00:00:00
90,Israel is set to essentially shut down business activity in the country for at least five weeks as the government steps up measures to combat the ...,startpage,[2],https://www.ynetnews.com/article/BJAShO9rI,2020-03-14 00:00:00,0.5,Israel to shut down most business activity for 5 weeks to combat ...,https://www.ynetnews.com/article/BJAShO9rI,Business+shut+down,israel+Business+shut+down,Business,israel,Israel is set to essentially shut down business activity in the country for at least five weeks as the government steps up measures to combat the,2020-03-14 00:00:00
91,Netanyahu is concerned by the severe economic damages implicated by public health recommendations to close business and limit ...,startpage,[3],https://www.haaretz.com/israel-news/.p[...]ontain-spread-of-coronavirus-1.8674245,2020-03-14 00:00:00,0.3333333333333333,Israel deliberating economic shutdown to contain spread of ...,https://www.haaretz.com/israel-news/.premium-israel-deliberating-economic-shutdown-to-contain-spread-of-coronavirus-1.8674245,Business+shut+down,israel+Business+shut+down,Business,israel,Netanyahu is concerned by the severe economic damages implicated by public health recommendations to close business and limit,2020-03-14 00:00:00
92,"The Finance Ministry has vowed to support small businesses and independent workers with grants of NIS 6,000 ($1,500). The independent ...",startpage,[4],https://www.timesofisrael.com/partial-[...]ndependent-workers-over-nis-3-billion/,2020-03-17 00:00:00,0.25,"Partial shutdown set to cost 170,000 independent Israeli workers ...",https://www.timesofisrael.com/partial-shutdown-expected-to-cost-170000-independent-workers-over-nis-3-billion/,Business+shut+down,israel+Business+shut+down,Business,israel,"The Finance Ministry has vowed to support small businesses and independent workers with grants of NIS 6,000 ($1,500). The independent",2020-03-17 00:00:00
93,"Netanyahu will choice between ordering a general shutdown of the ... Israel said set to order closing of malls, cafes, many businesses, restrict ...",startpage,[5],https://www.timesofisrael.com/liveblog-march-14-2020/,2020-03-14 00:00:00,0.2,"As courts put on emergency footing, speculation Netanyahu trial ...",https://www.timesofisrael.com/liveblog-march-14-2020/,Business+shut+down,israel+Business+shut+down,Business,israel,"Netanyahu will choice between ordering a general shutdown of the Israel said set to order closing of malls, cafes, many businesses, restrict",2020-03-14 00:00:00
94,"(Bloomberg) -- Israeli's Benjamin Netanyahu ordered the closing of non-essential businesses and advised workers to stay away from offices, ...",startpage,[6],https://www.bloombergquint.com/politic[...]down-of-economy-in-fight-against-virus,2020-03-15 00:00:00,0.16666666666666666,Israel Orders Partial Shutdown of Economy in Fight Against Virus,https://www.bloombergquint.com/politics/israel-orders-partial-shutdown-of-economy-in-fight-against-virus,Business+shut+down,israel+Business+shut+down,Business,israel,"(Bloomberg) -- Israeli's Benjamin Netanyahu ordered the closing of non-essential businesses and advised workers to stay away from offices,",2020-03-15 00:00:00
95,"Conexx, the American Israel Business Connector in Atlanta, ... amid the coronavirus shutdown in an effort to prepare to support companies after ...",startpage,[7],https://www.globalatlanta.com/israel-c[...]preps-for-move-amid-covid-19-shutdown/,2020-03-24 01:26:47,0.14285714285714285,"Israel Chamber Works Remotely, Preps for Move Amid Covid-19 ...",https://www.globalatlanta.com/israel-chamber-works-remotely-preps-for-move-amid-covid-19-shutdown/,Business+shut+down,israel+Business+shut+down,Business,israel,"Conexx, the American Israel Business Connector in Atlanta, amid the coronavirus shutdown in an effort to prepare to support companies after",2020-03-24 01:26:47
96,"Israel's prime minister has shut down the courts and ordered the ... New York Times reported Monday, of records from cellphone companies, ...",startpage,[8],https://www.nytimes.com/2020/03/18/wor[...]middleeast/israel-virus-netanyahu.html,2020-03-18 00:00:00,0.125,Netanyahu's Bold Moves: Fighting a Virus or Risking Democracy ...,https://www.nytimes.com/2020/03/18/world/middleeast/israel-virus-netanyahu.html,Business+shut+down,israel+Business+shut+down,Business,israel,"Israel's prime minister has shut down the courts and ordered the New York Times reported Monday, of records from cellphone companies,",2020-03-18 00:00:00
97,Police track down quarantine evaders through technology and tip-offs. ... forced people to go to the hospital and shut down businesses. It's risky ...,startpage,[9],https://www.ft.com/content/2775dbbc-6d26-11ea-89df-41bea055720b,2020-03-25 01:26:47,0.1111111111111111,Israel relies on nosy neighbours to keep virus in check,https://www.ft.com/content/2775dbbc-6d26-11ea-89df-41bea055720b,Business+shut+down,israel+Business+shut+down,Business,israel,Police track down quarantine evaders through technology and tip-offs. forced people to go to the hospital and shut down businesses. It's risky,2020-03-25 01:26:47
98,Israel's parliament passed a law on Tuesday that could see groups critical of government policies toward the Palestinians banned from entering ...,startpage,[1],https://www.reuters.com/article/us-isr[...]te-military-from-schools-idUSKBN1K70FF,2018-07-16 00:00:00,1.0,"Israel passes law to ban groups critical of state, military from schools ...",https://www.reuters.com/article/us-israel-politics-schools/israel-passes-law-to-ban-groups-critical-of-state-military-from-schools-idUSKBN1K70FF,groups+banned,israel+groups+banned,groups,israel,Israel's parliament passed a law on Tuesday that could see groups critical of government policies toward the Palestinians banned from entering,2018-07-16 00:00:00
99,"The American Israel Public Affairs Committee, a pro-Israel lobbying group, also said it was a mistake. In a statement, Mr. Netanyahu said Israel ...",startpage,[4],https://www.nytimes.com/2019/08/15/wor[...]iddleeast/trump-israel-omar-tlaib.html,2019-08-15 00:00:00,0.25,Israeli Decision on Omar and Tlaib Inflames Politics in Two Countries,https://www.nytimes.com/2019/08/15/world/middleeast/trump-israel-omar-tlaib.html,groups+banned,israel+groups+banned,groups,israel,"The American Israel Public Affairs Committee, a pro-Israel lobbying group, also said it was a mistake. In a statement, Mr. Netanyahu said Israel",2019-08-15 00:00:00
100,"Who is behind Israel's Archimedes Group, banned by Facebook for election fakery? Website of company that boasted it would 'change reality' for ...",startpage,[5],https://www.timesofisrael.com/who-is-b[...]anned-by-facebook-for-election-fakery/,2019-05-19 00:00:00,0.2,"Who is behind Israel's Archimedes Group, banned by Facebook for ...",https://www.timesofisrael.com/who-is-behind-israels-archimedes-group-banned-by-facebook-for-election-fakery/,groups+banned,israel+groups+banned,groups,israel,"Who is behind Israel's Archimedes Group, banned by Facebook for election fakery? Website of company that boasted it would 'change reality' for",2019-05-19 00:00:00
101,Israel's strategic affairs ministry publishes a list of 20 international groups banned from entering the country.,startpage,[6],https://www.aljazeera.com/news/2018/01[...]roups-bds-support-180107185543008.html,2018-01-07 00:00:00,0.16666666666666666,Israel bans entry for 20 groups over BDS support | Israeli ...,https://www.aljazeera.com/news/2018/01/israel-bans-entry-20-groups-bds-support-180107185543008.html,groups+banned,israel+groups+banned,groups,israel,Israel's strategic affairs ministry publishes a list of 20 international groups banned from entering the country.,2018-01-07 00:00:00
102,Israel's Strategic Affairs Ministry had for months refused to divulge which ... We oppose the government's travel ban and all its actions to punish ...,startpage,[7],https://www.haaretz.com/israel-news/is[...]-groups-will-be-denied-entry-1.5729880,2018-01-07 00:00:00,0.14285714285714285,Israel publishes BDS blacklist: These are the 20 groups whose ...,https://www.haaretz.com/israel-news/israel-publishes-bds-blacklist-these-20-groups-will-be-denied-entry-1.5729880,groups+banned,israel+groups+banned,groups,israel,Israel's Strategic Affairs Ministry had for months refused to divulge which We oppose the government's travel ban and all its actions to punish,2018-01-07 00:00:00
103,"Although details of the ban have yet to be fully worked out, the ministry said that there was no intention of barring entry to individuals who express ...",startpage,[8],https://www.washingtonpost.com/news/wo[...]tting-israel-will-now-be-denied-entry/,2018-01-07 00:00:00,0.125,20 groups that advocate boycotting Israel will now be denied entry ...,https://www.washingtonpost.com/news/worldviews/wp/2018/01/07/18-groups-that-advocate-boycotting-israel-will-now-be-denied-entry/,groups+banned,israel+groups+banned,groups,israel,"Although details of the ban have yet to be fully worked out, the ministry said that there was no intention of barring entry to individuals who express",2018-01-07 00:00:00
104,Speaking to them today with groups disappearing faster than a ... Ministry banning all tourists from entering Israel and requiring Israelis to enter ...,startpage,[9],https://www.jpost.com/Opinion/Coronavi[...]-industry-Loss-and-hope-comment-620224,2020-03-08 00:00:00,0.1111111111111111,Coronavirus and Israel's tourism industry: Loss and hope – comment ...,https://www.jpost.com/Opinion/Coronavirus-and-Israels-tourism-industry-Loss-and-hope-comment-620224,groups+banned,israel+groups+banned,groups,israel,Speaking to them today with groups disappearing faster than a Ministry banning all tourists from entering Israel and requiring Israelis to enter,2020-03-08 00:00:00
105,British groups War on Want and Palestine Solidarity Campaign among those whose staff are barred from visiting Israel.,startpage,[10],https://www.theguardian.com/world/2018[...]-20-foreign-ngos-over-boycott-movement,2018-01-07 00:00:00,0.1,Israel imposes travel ban on 20 foreign NGOs over boycott ...,https://www.theguardian.com/world/2018/jan/07/israel-imposes-travel-ban-on-20-foreign-ngos-over-boycott-movement,groups+banned,israel+groups+banned,groups,israel,British groups War on Want and Palestine Solidarity Campaign among those whose staff are barred from visiting Israel.,2018-01-07 00:00:00
106,"In Israel, the Health Ministry said Thursday that 677 people have now been confirmed as being infected with the virus, a jump of over 200 from ...",startpage,[2],https://www.timesofisrael.com/israel-w[...]-keep-gathering-official-said-to-warn/,2020-03-20 01:26:49,0.5,"Israel will become Italy if ultra-Orthodox keep gathering, official said ...",https://www.timesofisrael.com/israel-will-become-italy-if-ultra-orthodox-keep-gathering-official-said-to-warn/,gathering+people,israel+gathering+people,groups,israel,"In Israel, the Health Ministry said Thursday that 677 people have now been confirmed as being infected with the virus, a jump of over 200 from",2020-03-20 01:26:49
107,"An ultra-Orthodox Jewish man walks past people praying at the ... holding prayers in large gatherings, but will divide the praying public so as to ...",startpage,[3],https://www.timesofisrael.com/chief-ra[...]rge-prayer-gatherings-at-western-wall/,2020-03-12 00:00:00,0.3333333333333333,Israel's chief rabbis call on Jews to avoid visiting the Western Wall ...,https://www.timesofisrael.com/chief-rabbis-call-off-large-prayer-gatherings-at-western-wall/,gathering+people,israel+gathering+people,groups,israel,"An ultra-Orthodox Jewish man walks past people praying at the holding prayers in large gatherings, but will divide the praying public so as to",2020-03-12 00:00:00
108,"On Tuesday, Israel limited the gatherings to a maximum of 2,000 people, a substantial decrease from the previously allowed number of 5,000 ...",startpage,[5],https://www.theyeshivaworld.com/news/f[...]with-more-than-100-people-allowed.html,2020-03-11 00:00:00,0.2,"BANNED IN ISRAEL: No Chasunahs, Shuls, Batei Mdrashim & Any ...",https://www.theyeshivaworld.com/news/featured/1839181/breaking-in-israel-no-chasunahs-shuls-batei-mdrashim-any-gathering-with-more-than-100-people-allowed.html,gathering+people,israel+gathering+people,groups,israel,"On Tuesday, Israel limited the gatherings to a maximum of 2,000 people, a substantial decrease from the previously allowed number of 5,000",2020-03-11 00:00:00
109,"Israel limits gatherings to 100 people as coronavirus cases climb to 97. Prime Minister Benjamin Netanyahu said that ""It will get worse before it ...",startpage,[6],https://www.jpost.com/Israel-News/Coro[...]ase-of-unknown-origin-confirmed-620578,2020-03-11 00:00:00,0.16666666666666666,Israel limits gatherings to 100 people as coronavirus cases climb to 97,https://www.jpost.com/Israel-News/Coronavirus-cases-climb-to-77-second-case-of-unknown-origin-confirmed-620578,gathering+people,israel+gathering+people,groups,israel,"Israel limits gatherings to 100 people as coronavirus cases climb to 97. Prime Minister Benjamin Netanyahu said that ""It will get worse before it",2020-03-11 00:00:00
110,Twenty-four Israeli patients in serious condition □ Palestinian PM ... halted daily life and led to tens of thousands of people entering quarantine.,startpage,[7],https://www.haaretz.com/israel-news/do[...]ine-after-arriving-in-israel-1.8689682,2020-03-24 01:26:49,0.14285714285714285,"Palestinian PM orders West Bank lockdown; more than 1,000 ...",https://www.haaretz.com/israel-news/dozens-of-new-york-hasidic-jews-in-coronavirus-quarantine-after-arriving-in-israel-1.8689682,gathering+people,israel+gathering+people,groups,israel,Twenty-four Israeli patients in serious condition □ Palestinian PM halted daily life and led to tens of thousands of people entering quarantine.,2020-03-24 01:26:49
111,"... banning indoor gatherings of over 100 people, urges people to avoid unnecessary gatherings. □ All foreigners are not be allowed into Israel, ...",startpage,[8],https://www.haaretz.com/israel-news/.p[...]agogue-closes-aipac-positive-1.8660231,2020-03-13 00:00:00,0.125,Israel shutters schools and universities as coronavirus cases rise to ...,https://www.haaretz.com/israel-news/.premium-israel-25-more-coronavirus-new-regulations-toronto-synagogue-closes-aipac-positive-1.8660231,gathering+people,israel+gathering+people,groups,israel,"... banning indoor gatherings of over 100 people, urges people to avoid unnecessary gatherings. □ All foreigners are not be allowed into Israel,",2020-03-13 00:00:00
112,Israeli Prime Minister Benjamin Netanyahu on Wednesday announced that gatherings of 100 or more people in Israel will be banned in an ...,startpage,[9],https://www.foxnews.com/world/israel-l[...]s-to-100-people-because-of-coronavirus,2020-03-11 00:00:00,0.1111111111111111,Israel limits gatherings to 100 people because of coronavirus | Fox ...,https://www.foxnews.com/world/israel-limits-gatherings-to-100-people-because-of-coronavirus,gathering+people,israel+gathering+people,groups,israel,Israeli Prime Minister Benjamin Netanyahu on Wednesday announced that gatherings of 100 or more people in Israel will be banned in an,2020-03-11 00:00:00
113,"On March 18, the Israeli Ministry of Health released updated ... demonstrations, strikes, and large gatherings (possibly of 50 persons or more) ...",startpage,[10],https://il.usembassy.gov/covid-19-information/,2020-03-23 01:26:49,0.1,COVID-19 Information | U.S. Embassy in Israel,https://il.usembassy.gov/covid-19-information/,gathering+people,israel+gathering+people,groups,israel,"On March 18, the Israeli Ministry of Health released updated demonstrations, strikes, and large gatherings (possibly of 50 persons or more)",2020-03-23 01:26:49
114,Israeli police officers seen raid the ultra-Orthodox Jewish ... will have powers break up illegal gatherings and fine people who flout the rules.,startpage,[1],https://www.timesofisrael.com/liveblog-march-24-2020/,2020-03-25 01:26:51,1.0,Ministers to approve new lockdown rules as virus death toll climbs to 3,https://www.timesofisrael.com/liveblog-march-24-2020/,people+restrictions,israel+people+restrictions,groups,israel,Israeli police officers seen raid the ultra-Orthodox Jewish will have powers break up illegal gatherings and fine people who flout the rules.,2020-03-25 01:26:51
115,"Government reportedly to announce strictest limitations yet, including shuttering all ... and pharmacies and keeping people within 150 meters of home. ... aimed at enforcing the social distancing rules, put many Israelis have ...",startpage,[2],https://www.timesofisrael.com/no-buses[...]w-restrictions-said-set-to-be-applied/,2020-03-24 01:26:51,0.5,"No buses, strolls or shopping: Drastic new restrictions said set to be ...",https://www.timesofisrael.com/no-buses-strolls-or-shopping-drastic-new-restrictions-said-set-to-be-applied/,people+restrictions,israel+people+restrictions,groups,israel,"Government reportedly to announce strictest limitations yet, including shuttering all and pharmacies and keeping people within 150 meters of home. aimed at enforcing the social distancing rules, put many Israelis have",2020-03-24 01:26:51
116,"11 hours ago ... The new steps will further restrict the movement of Israelis, effectively keeping the people in their homes except for emergency situations.",startpage,[3],https://www.ynetnews.com/article/WKIROBUEX,,0.3333333333333333,"Israel's new coronavirus restrictions - no leaving home, unless ...",https://www.ynetnews.com/article/WKIROBUEX,people+restrictions,israel+people+restrictions,groups,israel,2020-03-25,2020-03-25 00:00:00
117,"5 hours ago ... Death toll in Israel rises to five, as confirmed cases pass 2300 ... warns of imminent curfew □ New regulations limit Israelis to 100-meter radius of ... halted daily life and led to tens of thousands of people entering quarantine.",startpage,[4],https://www.haaretz.com/israel-news/co[...]n-pm-orders-lockdown-in-west-1.8700788,,0.25,Israelis under lockdown as strict regulations to contain the ... - Haaretz,https://www.haaretz.com/israel-news/coronavirus-cases-in-israel-surge-past-1-000-palestinian-pm-orders-lockdown-in-west-1.8700788,people+restrictions,israel+people+restrictions,groups,israel,2020-03-25,2020-03-25 00:00:00
118,"Israel will ultimately be divided into quadrants, and police and the IDF will ... Netanyahu implemented further restrictions, forbidding people from ...",startpage,[7],https://www.jpost.com/HEALTH-SCIENCE/C[...]strictions-as-patients-hit-1238-621986,2020-03-24 01:26:51,0.14285714285714285,"Coronavirus restrictions upped: Go to work, supermarket only or face ...",https://www.jpost.com/HEALTH-SCIENCE/Coronavirus-Netanyahu-considers-upping-restrictions-as-patients-hit-1238-621986,people+restrictions,israel+people+restrictions,groups,israel,"Israel will ultimately be divided into quadrants, and police and the IDF will Netanyahu implemented further restrictions, forbidding people from",2020-03-24 01:26:51
119,Three people were arrested on Wednesday for holding a wedding with more than 100 people.,startpage,[8],https://www.washingtonpost.com/world/c[...]6857-11ea-b199-3a9799c54512_story.html,2020-03-18 00:00:00,0.125,Coronavirus restrictions force Israeli couples to hold creative — and ...,https://www.washingtonpost.com/world/corona-restrictions-force-israeli-couples-to-hold-creative--and-clandestine--weddings/2020/03/18/3c5a8916-6857-11ea-b199-3a9799c54512_story.html,people+restrictions,israel+people+restrictions,groups,israel,Three people were arrested on Wednesday for holding a wedding with more than 100 people.,2020-03-18 00:00:00
120,Travelers should be prepared for travel restrictions related to COVID-19 ... The Israeli Population and Immigration Authority (PIBA) automatically ...,startpage,[9],https://il.usembassy.gov/covid-19-information/,2020-03-23 01:26:51,0.1111111111111111,COVID-19 Information | U.S. Embassy in Israel,https://il.usembassy.gov/covid-19-information/,people+restrictions,israel+people+restrictions,groups,israel,Travelers should be prepared for travel restrictions related to COVID-19 The Israeli Population and Immigration Authority (PIBA) automatically,2020-03-23 01:26:51
121,"People wearing face masks at Ben Gurion International Airport near Tel Aviv, ... The recall came as the Israeli government tightened restrictions ...",startpage,[10],https://www.jta.org/2020/03/11/israel/[...]restrictions-tighten-in-their-homeland,2020-03-11 00:00:00,0.1,Thousands of Israelis in the US called home as coronavirus ...,https://www.jta.org/2020/03/11/israel/thousands-of-israelis-in-the-us-called-home-as-coronavirus-restrictions-tighten-in-their-homeland,people+restrictions,israel+people+restrictions,groups,israel,"People wearing face masks at Ben Gurion International Airport near Tel Aviv, The recall came as the Israeli government tightened restrictions",2020-03-11 00:00:00
122,"Knesset officials say MKs will enter plenum to vote Monday in groups of 6 ... A nearly empty plenum, due to restrictions against the coronavirus, ... The Israeli military identifies one of the recently diagnosed carriers of the ...",startpage,[1],https://www.timesofisrael.com/liveblog-march-22-2020/,2020-03-23 01:26:52,1.0,Knesset officials say MKs will enter plenum to vote Monday in ...,https://www.timesofisrael.com/liveblog-march-22-2020/,groups+restrictions,israel+groups+restrictions,groups,israel,"Knesset officials say MKs will enter plenum to vote Monday in groups of 6 A nearly empty plenum, due to restrictions against the coronavirus, The Israeli military identifies one of the recently diagnosed carriers of the",2020-03-23 01:26:52
123,"7:22 a.m. Some Orthodox rabbis in Israel approve a Zoom seder: A ... to follow social distancing rules, including limits on daily group prayers ...",startpage,[2],https://www.jta.org/2020/03/05/global/[...]ownsizes-services-move-online-and-more,2020-03-05 00:00:00,0.5,"Jewish coronavirus updates: Death toll mounts, some Orthodox ...",https://www.jta.org/2020/03/05/global/the-latest-jewish-coronavirus-updates-el-al-downsizes-services-move-online-and-more,groups+restrictions,israel+groups+restrictions,groups,israel,"7:22 a.m. Some Orthodox rabbis in Israel approve a Zoom seder: A to follow social distancing rules, including limits on daily group prayers",2020-03-05 00:00:00
124,"Analysis How Special Interests Are Influencing Israel's Coronavirus Restrictions. Away from the public eye, ministers push for exceptions to ...",startpage,[5],https://www.haaretz.com/israel-news/.p[...]l-s-coronavirus-restrictions-1.8699969,2020-03-24 01:26:52,0.2,How special interests are influencing Israel's coronavirus restrictions ...,https://www.haaretz.com/israel-news/.premium-how-special-interests-are-influencing-israel-s-coronavirus-restrictions-1.8699969,groups+restrictions,israel+groups+restrictions,groups,israel,"Analysis How Special Interests Are Influencing Israel's Coronavirus Restrictions. Away from the public eye, ministers push for exceptions to",2020-03-24 01:26:52
125,Travelers should be prepared for travel restrictions related to COVID-19 to be put into effect with little or no advance notice. Flights into or out of ...,startpage,[8],https://il.usembassy.gov/covid-19-information/,2020-03-23 01:26:52,0.125,COVID-19 Information | U.S. Embassy in Israel,https://il.usembassy.gov/covid-19-information/,groups+restrictions,israel+groups+restrictions,groups,israel,Travelers should be prepared for travel restrictions related to COVID-19 to be put into effect with little or no advance notice. Flights into or out of,2020-03-23 01:26:52
