"Date","ISO","Country","Scale","Note"
16/02/2020,"CHN","China","Localized",
16/02/2020,"CHN","China, Hong Kong Special Administrative Region","Localized",
16/02/2020,"CHN","China, Macao Special Administrative Region","Localized",
17/02/2020,"CHN","China","Localized",
17/02/2020,"CHN","China, Hong Kong Special Administrative Region","Localized",
17/02/2020,"CHN","China, Macao Special Administrative Region","Localized",
18/02/2020,"CHN","China","Localized",
18/02/2020,"CHN","China, Hong Kong Special Administrative Region","Localized",
18/02/2020,"CHN","China, Macao Special Administrative Region","Localized",
19/02/2020,"CHN","China","Localized",
19/02/2020,"CHN","China, Hong Kong Special Administrative Region","Localized",
19/02/2020,"CHN","China, Macao Special Administrative Region","Localized",
19/02/2020,"MNG","Mongolia","National",
20/02/2020,"CHN","China","Localized",
20/02/2020,"CHN","China, Hong Kong Special Administrative Region","Localized",
20/02/2020,"CHN","China, Macao Special Administrative Region","Localized",
20/02/2020,"MNG","Mongolia","National",
21/02/2020,"CHN","China","National",
21/02/2020,"CHN","China, Hong Kong Special Administrative Region","Localized",
21/02/2020,"CHN","China, Macao Special Administrative Region","Localized",
21/02/2020,"MNG","Mongolia","National",
22/02/2020,"CHN","China","National",
22/02/2020,"CHN","China, Hong Kong Special Administrative Region","Localized",
22/02/2020,"CHN","China, Macao Special Administrative Region","Localized",
22/02/2020,"MNG","Mongolia","National",
23/02/2020,"CHN","China","National",
23/02/2020,"CHN","China, Hong Kong Special Administrative Region","Localized",
23/02/2020,"CHN","China, Macao Special Administrative Region","Localized",
23/02/2020,"MNG","Mongolia","National",
24/02/2020,"CHN","China","National",
24/02/2020,"CHN","China, Hong Kong Special Administrative Region","Localized",
24/02/2020,"CHN","China, Macao Special Administrative Region","Localized",
24/02/2020,"ITA","Italy","Localized",
24/02/2020,"MNG","Mongolia","National",
25/02/2020,"CHN","China","National",
25/02/2020,"CHN","China, Hong Kong Special Administrative Region","Localized",
25/02/2020,"CHN","China, Macao Special Administrative Region","Localized",
25/02/2020,"ITA","Italy","Localized",
25/02/2020,"MNG","Mongolia","National",
26/02/2020,"BHR","Bahrain","National",
26/02/2020,"CHN","China","National",
26/02/2020,"CHN","China, Hong Kong Special Administrative Region","Localized",
26/02/2020,"CHN","China, Macao Special Administrative Region","Localized",
26/02/2020,"IRN","Iran (Islamic Republic of)","National",
26/02/2020,"ITA","Italy","Localized",
26/02/2020,"MNG","Mongolia","National",
27/02/2020,"BHR","Bahrain","National",
27/02/2020,"CHN","China","National",
27/02/2020,"CHN","China, Hong Kong Special Administrative Region","National",
27/02/2020,"CHN","China, Macao Special Administrative Region","National",
27/02/2020,"IRN","Iran (Islamic Republic of)","National",
27/02/2020,"ITA","Italy","Localized",
27/02/2020,"MNG","Mongolia","National",
27/02/2020,"PAK","Pakistan","Localized",
28/02/2020,"BHR","Bahrain","National",
28/02/2020,"CHN","China","National",
28/02/2020,"CHN","China, Hong Kong Special Administrative Region","National",
28/02/2020,"CHN","China, Macao Special Administrative Region","National",
28/02/2020,"GBR","United Kingdom of Great Britain and Northern Ireland","Localized",
28/02/2020,"IRN","Iran (Islamic Republic of)","National",
28/02/2020,"IRQ","Iraq","Localized"," Universities on term break. Closures not related to COVID-19. "
28/02/2020,"ITA","Italy","Localized",
28/02/2020,"MNG","Mongolia","National",
28/02/2020,"PAK","Pakistan","Localized",
28/02/2020,"USA","United States of America","Localized",
28/02/2020,"VNM","Viet Nam","Localized",
29/02/2020,"BHR","Bahrain","National",
29/02/2020,"CHN","China","National",
29/02/2020,"CHN","China, Hong Kong Special Administrative Region","National",
29/02/2020,"CHN","China, Macao Special Administrative Region","National",
29/02/2020,"GBR","United Kingdom of Great Britain and Northern Ireland","Localized",
29/02/2020,"IRN","Iran (Islamic Republic of)","National",
29/02/2020,"IRQ","Iraq","Localized"," Universities on term break. Closures not related to COVID-19. "
29/02/2020,"ITA","Italy","Localized",
29/02/2020,"MNG","Mongolia","National",
29/02/2020,"PAK","Pakistan","Localized",
29/02/2020,"USA","United States of America","Localized",
29/02/2020,"VNM","Viet Nam","Localized",
01/03/2020,"BHR","Bahrain","National",
01/03/2020,"CHN","China","National",
01/03/2020,"CHN","China, Hong Kong Special Administrative Region","National",
01/03/2020,"CHN","China, Macao Special Administrative Region","National",
01/03/2020,"GBR","United Kingdom of Great Britain and Northern Ireland","Localized",
01/03/2020,"IRN","Iran (Islamic Republic of)","National",
01/03/2020,"IRQ","Iraq","Localized"," Universities on term break. Closures not related to COVID-19. "
01/03/2020,"ITA","Italy","Localized",
01/03/2020,"MNG","Mongolia","National",
01/03/2020,"PAK","Pakistan","Localized",
01/03/2020,"USA","United States of America","Localized",
01/03/2020,"VNM","Viet Nam","Localized",
02/03/2020,"ARM","Armenia","National",
02/03/2020,"BHR","Bahrain","National",
02/03/2020,"CHN","China","National",
02/03/2020,"CHN","China, Hong Kong Special Administrative Region","National",
02/03/2020,"CHN","China, Macao Special Administrative Region","National",
02/03/2020,"GBR","United Kingdom of Great Britain and Northern Ireland","Localized",
02/03/2020,"GEO","Georgia","National",
02/03/2020,"IRN","Iran (Islamic Republic of)","National",
02/03/2020,"IRQ","Iraq","Localized"," Universities on term break. Closures not related to COVID-19. "
02/03/2020,"ITA","Italy","Localized",
02/03/2020,"JPN","Japan","National",
02/03/2020,"KOR","Republic of Korea","National","Following an initial postponement of 2 weeks, universities have started the academic year. Group and face-to-face classes are strongly discouraged, and universities are offering online classes."
02/03/2020,"KWT","Kuwait","National",
02/03/2020,"LBN","Lebanon","National",
02/03/2020,"MNG","Mongolia","National",
02/03/2020,"PAK","Pakistan","Localized",
02/03/2020,"PRK","Democratic People's Republic of Korea","National",
02/03/2020,"USA","United States of America","Localized",
02/03/2020,"VNM","Viet Nam","Localized",
03/03/2020,"AFG","Afghanistan","Localized",
03/03/2020,"ARM","Armenia","National",
03/03/2020,"AZE","Azerbaijan","National",
03/03/2020,"BHR","Bahrain","National",
03/03/2020,"CHN","China","National",
03/03/2020,"CHN","China, Hong Kong Special Administrative Region","National",
03/03/2020,"CHN","China, Macao Special Administrative Region","National",
03/03/2020,"DEU","Germany","Localized",
03/03/2020,"FRA","France","Localized",
03/03/2020,"GBR","United Kingdom of Great Britain and Northern Ireland","Localized",
03/03/2020,"GEO","Georgia","National",
03/03/2020,"IRN","Iran (Islamic Republic of)","National",
03/03/2020,"IRQ","Iraq","Localized"," Universities on term break. Closures not related to COVID-19. "
03/03/2020,"ITA","Italy","Localized",
03/03/2020,"JPN","Japan","National",
03/03/2020,"KEN","Kenya","National",
03/03/2020,"KOR","Republic of Korea","National","Following an initial postponement of 2 weeks, universities have started the academic year. Group and face-to-face classes are strongly discouraged, and universities are offering online classes."
03/03/2020,"KWT","Kuwait","National",
03/03/2020,"LBN","Lebanon","National",
03/03/2020,"MNG","Mongolia","National",
03/03/2020,"PAK","Pakistan","Localized",
03/03/2020,"PRK","Democratic People's Republic of Korea","National",
03/03/2020,"USA","United States of America","Localized",
03/03/2020,"VNM","Viet Nam","Localized",
04/03/2020,"AFG","Afghanistan","Localized",
04/03/2020,"ARM","Armenia","National",
04/03/2020,"AZE","Azerbaijan","National",
04/03/2020,"BHR","Bahrain","National",
04/03/2020,"CHN","China","National",
04/03/2020,"CHN","China, Hong Kong Special Administrative Region","National",
04/03/2020,"CHN","China, Macao Special Administrative Region","National",
04/03/2020,"DEU","Germany","Localized",
04/03/2020,"FRA","France","Localized",
04/03/2020,"GBR","United Kingdom of Great Britain and Northern Ireland","Localized",
04/03/2020,"GEO","Georgia","National",
04/03/2020,"IND","India","Localized","While no national level announcement has been made, 27 of 28 states and 5 of 8 union territories have announced school closures with some variations in school levels."
04/03/2020,"IRN","Iran (Islamic Republic of)","National",
04/03/2020,"IRQ","Iraq","Localized"," Universities on term break. Closures not related to COVID-19. "
04/03/2020,"ITA","Italy","National",
04/03/2020,"JPN","Japan","National",
04/03/2020,"KEN","Kenya","National",
04/03/2020,"KOR","Republic of Korea","National","Following an initial postponement of 2 weeks, universities have started the academic year. Group and face-to-face classes are strongly discouraged, and universities are offering online classes."
04/03/2020,"KWT","Kuwait","National",
04/03/2020,"LBN","Lebanon","National",
04/03/2020,"MNG","Mongolia","National",
04/03/2020,"PAK","Pakistan","Localized",
04/03/2020,"PRK","Democratic People's Republic of Korea","National",
04/03/2020,"USA","United States of America","Localized",
04/03/2020,"VNM","Viet Nam","Localized",
05/03/2020,"AFG","Afghanistan","Localized",
05/03/2020,"ARM","Armenia","National",
05/03/2020,"AZE","Azerbaijan","National",
05/03/2020,"BHR","Bahrain","National",
05/03/2020,"CHN","China","National",
05/03/2020,"CHN","China, Hong Kong Special Administrative Region","National",
05/03/2020,"CHN","China, Macao Special Administrative Region","National",
05/03/2020,"DEU","Germany","Localized",
05/03/2020,"FRA","France","Localized",
05/03/2020,"GBR","United Kingdom of Great Britain and Northern Ireland","Localized",
05/03/2020,"GEO","Georgia","National",
05/03/2020,"GRC","Greece","Localized",
05/03/2020,"IND","India","Localized","While no national level announcement has been made, 27 of 28 states and 5 of 8 union territories have announced school closures with some variations in school levels."
05/03/2020,"IRN","Iran (Islamic Republic of)","National",
05/03/2020,"IRQ","Iraq","Localized"," Universities on term break. Closures not related to COVID-19. "
05/03/2020,"ITA","Italy","National",
05/03/2020,"JPN","Japan","National",
05/03/2020,"KEN","Kenya","National",
05/03/2020,"KOR","Republic of Korea","National","Following an initial postponement of 2 weeks, universities have started the academic year. Group and face-to-face classes are strongly discouraged, and universities are offering online classes."
05/03/2020,"KWT","Kuwait","National",
05/03/2020,"LBN","Lebanon","National",
05/03/2020,"MNG","Mongolia","National",
05/03/2020,"PAK","Pakistan","Localized",
05/03/2020,"PRK","Democratic People's Republic of Korea","National",
05/03/2020,"PRT","Portugal","Localized",
05/03/2020,"PSE","Palestine","Localized",
05/03/2020,"USA","United States of America","Localized",
05/03/2020,"VNM","Viet Nam","Localized",
06/03/2020,"AFG","Afghanistan","Localized",
06/03/2020,"ARM","Armenia","National",
06/03/2020,"AZE","Azerbaijan","National",
06/03/2020,"BHR","Bahrain","National",
06/03/2020,"BTN","Bhutan","Localized",
06/03/2020,"CHN","China","National",
06/03/2020,"CHN","China, Hong Kong Special Administrative Region","National",
06/03/2020,"CHN","China, Macao Special Administrative Region","National",
06/03/2020,"DEU","Germany","Localized",
06/03/2020,"FRA","France","Localized",
06/03/2020,"GBR","United Kingdom of Great Britain and Northern Ireland","Localized",
06/03/2020,"GEO","Georgia","National",
06/03/2020,"GRC","Greece","Localized",
06/03/2020,"IND","India","Localized","While no national level announcement has been made, 27 of 28 states and 5 of 8 union territories have announced school closures with some variations in school levels."
06/03/2020,"IRN","Iran (Islamic Republic of)","National",
06/03/2020,"IRQ","Iraq","Localized"," Universities on term break. Closures not related to COVID-19. "
06/03/2020,"ITA","Italy","National",
06/03/2020,"JPN","Japan","National",
06/03/2020,"KEN","Kenya","National",
06/03/2020,"KOR","Republic of Korea","National","Following an initial postponement of 2 weeks, universities have started the academic year. Group and face-to-face classes are strongly discouraged, and universities are offering online classes."
06/03/2020,"KWT","Kuwait","National",
06/03/2020,"LBN","Lebanon","National",
06/03/2020,"MNG","Mongolia","National",
06/03/2020,"PAK","Pakistan","Localized",
06/03/2020,"PRK","Democratic People's Republic of Korea","National",
06/03/2020,"PRT","Portugal","Localized",
06/03/2020,"PSE","Palestine","Localized",
06/03/2020,"UKR","Ukraine","Localized",
06/03/2020,"USA","United States of America","Localized",
06/03/2020,"VNM","Viet Nam","Localized",
07/03/2020,"AFG","Afghanistan","Localized",
07/03/2020,"ARM","Armenia","National",
07/03/2020,"AZE","Azerbaijan","National",
07/03/2020,"BHR","Bahrain","National",
07/03/2020,"BTN","Bhutan","Localized",
07/03/2020,"CHN","China","National",
07/03/2020,"CHN","China, Hong Kong Special Administrative Region","National",
07/03/2020,"CHN","China, Macao Special Administrative Region","National",
07/03/2020,"DEU","Germany","Localized",
07/03/2020,"FRA","France","Localized",
07/03/2020,"GBR","United Kingdom of Great Britain and Northern Ireland","Localized",
07/03/2020,"GEO","Georgia","National",
07/03/2020,"GRC","Greece","Localized",
07/03/2020,"IND","India","Localized","While no national level announcement has been made, 27 of 28 states and 5 of 8 union territories have announced school closures with some variations in school levels."
07/03/2020,"IRN","Iran (Islamic Republic of)","National",
07/03/2020,"IRQ","Iraq","National"," Universities on term break. Closures not related to COVID-19. "
07/03/2020,"ITA","Italy","National",
07/03/2020,"JPN","Japan","National",
07/03/2020,"KEN","Kenya","National",
07/03/2020,"KOR","Republic of Korea","National","Following an initial postponement of 2 weeks, universities have started the academic year. Group and face-to-face classes are strongly discouraged, and universities are offering online classes."
07/03/2020,"KWT","Kuwait","National",
07/03/2020,"LBN","Lebanon","National",
07/03/2020,"MNG","Mongolia","National",
07/03/2020,"PAK","Pakistan","Localized",
07/03/2020,"PRK","Democratic People's Republic of Korea","National",
07/03/2020,"PRT","Portugal","Localized",
07/03/2020,"PSE","Palestine","Localized",
07/03/2020,"UKR","Ukraine","Localized",
07/03/2020,"USA","United States of America","Localized",
07/03/2020,"VNM","Viet Nam","Localized",
08/03/2020,"AFG","Afghanistan","Localized",
08/03/2020,"ARE","United Arab Emirates","National",
08/03/2020,"ARM","Armenia","National",
08/03/2020,"AZE","Azerbaijan","National",
08/03/2020,"BHR","Bahrain","National",
08/03/2020,"BTN","Bhutan","Localized",
08/03/2020,"CHN","China","National",
08/03/2020,"CHN","China, Hong Kong Special Administrative Region","National",
08/03/2020,"CHN","China, Macao Special Administrative Region","National",
08/03/2020,"DEU","Germany","Localized",
08/03/2020,"FRA","France","Localized",
08/03/2020,"GBR","United Kingdom of Great Britain and Northern Ireland","Localized",
08/03/2020,"GEO","Georgia","National",
08/03/2020,"GRC","Greece","Localized",
08/03/2020,"IND","India","Localized","While no national level announcement has been made, 27 of 28 states and 5 of 8 union territories have announced school closures with some variations in school levels."
08/03/2020,"IRN","Iran (Islamic Republic of)","National",
08/03/2020,"IRQ","Iraq","National"," Universities on term break. Closures not related to COVID-19. "
08/03/2020,"ITA","Italy","National",
08/03/2020,"JPN","Japan","National",
08/03/2020,"KEN","Kenya","National",
08/03/2020,"KHM","Cambodia","Localized",
08/03/2020,"KOR","Republic of Korea","National","Following an initial postponement of 2 weeks, universities have started the academic year. Group and face-to-face classes are strongly discouraged, and universities are offering online classes."
08/03/2020,"KWT","Kuwait","National",
08/03/2020,"LBN","Lebanon","National",
08/03/2020,"MNG","Mongolia","National",
08/03/2020,"PAK","Pakistan","Localized",
08/03/2020,"PRK","Democratic People's Republic of Korea","National",
08/03/2020,"PRT","Portugal","Localized",
08/03/2020,"PSE","Palestine","Localized",
08/03/2020,"UKR","Ukraine","Localized",
08/03/2020,"USA","United States of America","Localized",
08/03/2020,"VNM","Viet Nam","Localized",
09/03/2020,"AFG","Afghanistan","Localized",
09/03/2020,"ARE","United Arab Emirates","National",
09/03/2020,"ARM","Armenia","National",
09/03/2020,"AZE","Azerbaijan","National",
09/03/2020,"BHR","Bahrain","National",
09/03/2020,"BTN","Bhutan","Localized",
09/03/2020,"CHN","China","National",
09/03/2020,"CHN","China, Hong Kong Special Administrative Region","National",
09/03/2020,"CHN","China, Macao Special Administrative Region","National",
09/03/2020,"DEU","Germany","Localized",
09/03/2020,"FRA","France","Localized",
09/03/2020,"GBR","United Kingdom of Great Britain and Northern Ireland","Localized",
09/03/2020,"GEO","Georgia","National",
09/03/2020,"GRC","Greece","Localized",
09/03/2020,"IND","India","Localized","While no national level announcement has been made, 27 of 28 states and 5 of 8 union territories have announced school closures with some variations in school levels."
09/03/2020,"IRN","Iran (Islamic Republic of)","National",
09/03/2020,"IRQ","Iraq","National"," Universities on term break. Closures not related to COVID-19. "
09/03/2020,"ITA","Italy","National",
09/03/2020,"JPN","Japan","National",
09/03/2020,"KEN","Kenya","National",
09/03/2020,"KHM","Cambodia","Localized",
09/03/2020,"KOR","Republic of Korea","National","Following an initial postponement of 2 weeks, universities have started the academic year. Group and face-to-face classes are strongly discouraged, and universities are offering online classes."
09/03/2020,"KWT","Kuwait","National",
09/03/2020,"LBN","Lebanon","National",
09/03/2020,"MNG","Mongolia","National",
09/03/2020,"PAK","Pakistan","Localized",
09/03/2020,"PRK","Democratic People's Republic of Korea","National",
09/03/2020,"PRT","Portugal","Localized",
09/03/2020,"PSE","Palestine","Localized",
09/03/2020,"SAU","Saudi Arabia","National",
09/03/2020,"UKR","Ukraine","Localized",
09/03/2020,"USA","United States of America","Localized",
09/03/2020,"VNM","Viet Nam","Localized",
10/03/2020,"AFG","Afghanistan","Localized",
10/03/2020,"ARE","United Arab Emirates","National",
10/03/2020,"ARM","Armenia","National",
10/03/2020,"AZE","Azerbaijan","National",
10/03/2020,"BHR","Bahrain","National",
10/03/2020,"BTN","Bhutan","Localized",
10/03/2020,"CHN","China","National",
10/03/2020,"CHN","China, Hong Kong Special Administrative Region","National",
10/03/2020,"CHN","China, Macao Special Administrative Region","National",
10/03/2020,"DEU","Germany","Localized",
10/03/2020,"FRA","France","Localized",
10/03/2020,"GBR","United Kingdom of Great Britain and Northern Ireland","Localized",
10/03/2020,"GEO","Georgia","National",
10/03/2020,"GRC","Greece","Localized",
10/03/2020,"IND","India","Localized","While no national level announcement has been made, 27 of 28 states and 5 of 8 union territories have announced school closures with some variations in school levels."
10/03/2020,"IRN","Iran (Islamic Republic of)","National",
10/03/2020,"IRQ","Iraq","National"," Universities on term break. Closures not related to COVID-19. "
10/03/2020,"ITA","Italy","National",
10/03/2020,"JPN","Japan","National",
10/03/2020,"KEN","Kenya","National",
10/03/2020,"KHM","Cambodia","Localized",
10/03/2020,"KOR","Republic of Korea","National","Following an initial postponement of 2 weeks, universities have started the academic year. Group and face-to-face classes are strongly discouraged, and universities are offering online classes."
10/03/2020,"KWT","Kuwait","National",
10/03/2020,"LBN","Lebanon","National",
10/03/2020,"MNG","Mongolia","National",
10/03/2020,"PAK","Pakistan","Localized",
10/03/2020,"PHL","Philippines","Localized",
10/03/2020,"PRK","Democratic People's Republic of Korea","National",
10/03/2020,"PRT","Portugal","Localized",
10/03/2020,"PSE","Palestine","Localized",
10/03/2020,"QAT","Qatar","National",
10/03/2020,"SAU","Saudi Arabia","National",
10/03/2020,"SVK","Slovakia","Localized",
10/03/2020,"UKR","Ukraine","Localized",
10/03/2020,"USA","United States of America","Localized",
10/03/2020,"VNM","Viet Nam","Localized",
11/03/2020,"AFG","Afghanistan","Localized",
11/03/2020,"ALB","Albania","National",
11/03/2020,"ARE","United Arab Emirates","National",
11/03/2020,"ARM","Armenia","National",
11/03/2020,"AZE","Azerbaijan","National",
11/03/2020,"BHR","Bahrain","National",
11/03/2020,"BIH","Bosnia and Herzegovina","Localized",
11/03/2020,"BTN","Bhutan","Localized",
11/03/2020,"CHN","China","National",
11/03/2020,"CHN","China, Hong Kong Special Administrative Region","National",
11/03/2020,"CHN","China, Macao Special Administrative Region","National",
11/03/2020,"CZE","Czechia","National",
11/03/2020,"DEU","Germany","Localized",
11/03/2020,"ESP","Spain","Localized",
11/03/2020,"FRA","France","Localized",
11/03/2020,"GBR","United Kingdom of Great Britain and Northern Ireland","Localized",
11/03/2020,"GEO","Georgia","National",
11/03/2020,"GRC","Greece","National",
11/03/2020,"HUN","Hungary","Localized",
11/03/2020,"IND","India","Localized","While no national level announcement has been made, 27 of 28 states and 5 of 8 union territories have announced school closures with some variations in school levels."
11/03/2020,"IRN","Iran (Islamic Republic of)","National",
11/03/2020,"IRQ","Iraq","National"," Universities on term break. Closures not related to COVID-19. "
11/03/2020,"ITA","Italy","National",
11/03/2020,"JPN","Japan","National",
11/03/2020,"KEN","Kenya","National",
11/03/2020,"KHM","Cambodia","Localized",
11/03/2020,"KOR","Republic of Korea","National","Following an initial postponement of 2 weeks, universities have started the academic year. Group and face-to-face classes are strongly discouraged, and universities are offering online classes."
11/03/2020,"KWT","Kuwait","National",
11/03/2020,"LBN","Lebanon","National",
11/03/2020,"MDA","Republic of Moldova","National",
11/03/2020,"MKD","North Macedonia","National",
11/03/2020,"MNG","Mongolia","National",
11/03/2020,"PAK","Pakistan","Localized",
11/03/2020,"PHL","Philippines","Localized",
11/03/2020,"PRK","Democratic People's Republic of Korea","National",
11/03/2020,"PRT","Portugal","Localized",
11/03/2020,"PRY","Paraguay ","National",
11/03/2020,"PSE","Palestine","Localized",
11/03/2020,"QAT","Qatar","National",
11/03/2020,"ROU","Romania","National"," While all schools are closed, most universities are open. "
11/03/2020,"RUS","Russian Federation","Localized",
11/03/2020,"SAU","Saudi Arabia","National",
11/03/2020,"SLV","El Salvador","National",
11/03/2020,"SVK","Slovakia","Localized",
11/03/2020,"UKR","Ukraine","Localized",
11/03/2020,"USA","United States of America","Localized",
11/03/2020,"VNM","Viet Nam","Localized",
12/03/2020,"AFG","Afghanistan","Localized",
12/03/2020,"ALB","Albania","National",
12/03/2020,"ARE","United Arab Emirates","National",
12/03/2020,"ARM","Armenia","National",
12/03/2020,"AZE","Azerbaijan","National",
12/03/2020,"BHR","Bahrain","National",
12/03/2020,"BIH","Bosnia and Herzegovina","National",
12/03/2020,"BOL","Bolivia ","National","Data on enrolment in tertiary education programmes is not available."
12/03/2020,"BRA","Brazil","Localized",
12/03/2020,"BTN","Bhutan","Localized",
12/03/2020,"CHE","Switzerland","Localized",
12/03/2020,"CHN","China","National",
12/03/2020,"CHN","China, Hong Kong Special Administrative Region","National",
12/03/2020,"CHN","China, Macao Special Administrative Region","National",
12/03/2020,"CZE","Czechia","National",
12/03/2020,"DEU","Germany","Localized",
12/03/2020,"DZA","Algeria","National",
12/03/2020,"ECU","Ecuador","Localized",
12/03/2020,"ESP","Spain","Localized",
12/03/2020,"FRA","France","Localized",
12/03/2020,"GBR","United Kingdom of Great Britain and Northern Ireland","Localized",
12/03/2020,"GEO","Georgia","National",
12/03/2020,"GRC","Greece","National",
12/03/2020,"HND","Honduras","National",
12/03/2020,"HRV","Croatia","National",
12/03/2020,"HUN","Hungary","Localized",
12/03/2020,"IND","India","Localized","While no national level announcement has been made, 27 of 28 states and 5 of 8 union territories have announced school closures with some variations in school levels."
12/03/2020,"IRL","Ireland","National",
12/03/2020,"IRN","Iran (Islamic Republic of)","National",
12/03/2020,"IRQ","Iraq","National"," Universities on term break. Closures not related to COVID-19. "
12/03/2020,"ISR","Israel","National",
12/03/2020,"ITA","Italy","National",
12/03/2020,"JPN","Japan","National",
12/03/2020,"KEN","Kenya","National",
12/03/2020,"KHM","Cambodia","Localized",
12/03/2020,"KOR","Republic of Korea","National","Following an initial postponement of 2 weeks, universities have started the academic year. Group and face-to-face classes are strongly discouraged, and universities are offering online classes."
12/03/2020,"KWT","Kuwait","National",
12/03/2020,"LBN","Lebanon","National",
12/03/2020,"MDA","Republic of Moldova","National",
12/03/2020,"MKD","North Macedonia","National",
12/03/2020,"MNG","Mongolia","National",
12/03/2020,"NOR","Norway","National",
12/03/2020,"PAK","Pakistan ","Localized",
12/03/2020,"PAN","Panama","National",
12/03/2020,"PHL","Philippines","Localized",
12/03/2020,"PRK","Democratic People's Republic of Korea","National",
12/03/2020,"PRT","Portugal","Localized",
12/03/2020,"PRY","Paraguay ","National",
12/03/2020,"PSE","Palestine","Localized",
12/03/2020,"QAT","Qatar","National",
12/03/2020,"ROU","Romania","National"," While all schools are closed, most universities are open. "
12/03/2020,"RUS","Russian Federation","Localized",
12/03/2020,"SAU","Saudi Arabia","National",
12/03/2020,"SLV","El Salvador","National",
12/03/2020,"SVK","Slovakia","Localized",
12/03/2020,"UKR","Ukraine","National",
12/03/2020,"USA","United States of America","Localized",
12/03/2020,"VNM","Viet Nam","Localized",
13/03/2020,"AFG","Afghanistan","Localized",
13/03/2020,"ALB","Albania","National",
13/03/2020,"ARE","United Arab Emirates","National",
13/03/2020,"ARM","Armenia","National",
13/03/2020,"AZE","Azerbaijan","National",
13/03/2020,"BEL","Belgium","National",
13/03/2020,"BHR","Bahrain","National",
13/03/2020,"BIH","Bosnia and Herzegovina","National",
13/03/2020,"BOL","Bolivia ","National","Data on enrolment in tertiary education programmes is not available."
13/03/2020,"BRA","Brazil","Localized",
13/03/2020,"BTN","Bhutan","Localized",
13/03/2020,"CHE","Switzerland","Localized",
13/03/2020,"CHN","China","National",
13/03/2020,"CHN","China, Hong Kong Special Administrative Region","National",
13/03/2020,"CHN","China, Macao Special Administrative Region","National",
13/03/2020,"CYP","Cyprus","National",
13/03/2020,"CZE","Czechia","National",
13/03/2020,"DEU","Germany","Localized",
13/03/2020,"DNK","Denmark","Localized",
13/03/2020,"DZA","Algeria","National",
13/03/2020,"ECU","Ecuador","National",
13/03/2020,"ESP","Spain","Localized",
13/03/2020,"FRA","France","Localized",
13/03/2020,"GBR","United Kingdom of Great Britain and Northern Ireland","Localized",
13/03/2020,"GEO","Georgia","National",
13/03/2020,"GRC","Greece","National",
13/03/2020,"HND","Honduras","National",
13/03/2020,"HRV","Croatia","National",
13/03/2020,"HUN","Hungary","Localized",
13/03/2020,"IND","India","Localized","While no national level announcement has been made, 27 of 28 states and 5 of 8 union territories have announced school closures with some variations in school levels."
13/03/2020,"IRL","Ireland","National",
13/03/2020,"IRN","Iran (Islamic Republic of)","National",
13/03/2020,"IRQ","Iraq","National"," Universities on term break. Closures not related to COVID-19. "
13/03/2020,"ISR","Israel","National",
13/03/2020,"ITA","Italy","National",
13/03/2020,"JAM","Jamaica","National",
13/03/2020,"JPN","Japan","National",
13/03/2020,"KEN","Kenya","National",
13/03/2020,"KHM","Cambodia","Localized",
13/03/2020,"KOR","Republic of Korea","National","Following an initial postponement of 2 weeks, universities have started the academic year. Group and face-to-face classes are strongly discouraged, and universities are offering online classes."
13/03/2020,"KWT","Kuwait","National",
13/03/2020,"LBN","Lebanon","National",
13/03/2020,"LKA","Sri Lanka","National",
13/03/2020,"LVA","Latvia","National",
13/03/2020,"MDA","Republic of Moldova","National",
13/03/2020,"MKD","North Macedonia","National",
13/03/2020,"MNG","Mongolia","National",
13/03/2020,"NOR","Norway","National",
13/03/2020,"PAK","Pakistan ","Localized",
13/03/2020,"PAN","Panama","National",
13/03/2020,"PHL","Philippines","Localized",
13/03/2020,"POL","Poland","National",
13/03/2020,"PRK","Democratic People's Republic of Korea","National",
13/03/2020,"PRT","Portugal","Localized",
13/03/2020,"PRY","Paraguay ","National",
13/03/2020,"PSE","Palestine","Localized",
13/03/2020,"QAT","Qatar","National",
13/03/2020,"ROU","Romania","National"," While all schools are closed, most universities are open. "
13/03/2020,"RUS","Russian Federation","Localized",
13/03/2020,"SAU","Saudi Arabia","National",
13/03/2020,"SLV","El Salvador","National",
13/03/2020,"SVK","Slovakia","Localized",
13/03/2020,"UKR","Ukraine","National",
13/03/2020,"USA","United States of America","Localized",
13/03/2020,"VNM","Viet Nam","Localized",
14/03/2020,"AFG","Afghanistan","National",
14/03/2020,"ALB","Albania","National",
14/03/2020,"ARE","United Arab Emirates","National",
14/03/2020,"ARM","Armenia","National",
14/03/2020,"AZE","Azerbaijan","National",
14/03/2020,"BEL","Belgium","National",
14/03/2020,"BHR","Bahrain","National",
14/03/2020,"BIH","Bosnia and Herzegovina","National",
14/03/2020,"BOL","Bolivia ","National","Data on enrolment in tertiary education programmes is not available."
14/03/2020,"BRA","Brazil","Localized",
14/03/2020,"BTN","Bhutan","Localized",
14/03/2020,"CHE","Switzerland","Localized",
14/03/2020,"CHN","China","National",
14/03/2020,"CHN","China, Hong Kong Special Administrative Region","National",
14/03/2020,"CHN","China, Macao Special Administrative Region","National",
14/03/2020,"CYM","Cayman Islands","National","Data on enrolment in tertiary education programmes is not available."
14/03/2020,"CYP","Cyprus","National",
14/03/2020,"CZE","Czechia","National",
14/03/2020,"DEU","Germany","Localized",
14/03/2020,"DNK","Denmark","Localized",
14/03/2020,"DZA","Algeria","National",
14/03/2020,"ECU","Ecuador","National",
14/03/2020,"ESP","Spain","Localized",
14/03/2020,"FRA","France","Localized",
14/03/2020,"GBR","United Kingdom of Great Britain and Northern Ireland","Localized",
14/03/2020,"GEO","Georgia","National",
14/03/2020,"GRC","Greece","National",
14/03/2020,"HND","Honduras","National",
14/03/2020,"HRV","Croatia","National",
14/03/2020,"HUN","Hungary","Localized",
14/03/2020,"IND","India","Localized","While no national level announcement has been made, 27 of 28 states and 5 of 8 union territories have announced school closures with some variations in school levels."
14/03/2020,"IRL","Ireland","National",
14/03/2020,"IRN","Iran (Islamic Republic of)","National",
14/03/2020,"IRQ","Iraq","National"," Universities on term break. Closures not related to COVID-19. "
14/03/2020,"ISR","Israel","National",
14/03/2020,"ITA","Italy","National",
14/03/2020,"JAM","Jamaica","National",
14/03/2020,"JPN","Japan","National",
14/03/2020,"KEN","Kenya","National",
14/03/2020,"KHM","Cambodia","Localized",
14/03/2020,"KOR","Republic of Korea","National","Following an initial postponement of 2 weeks, universities have started the academic year. Group and face-to-face classes are strongly discouraged, and universities are offering online classes."
14/03/2020,"KWT","Kuwait","National",
14/03/2020,"LBN","Lebanon","National",
14/03/2020,"LKA","Sri Lanka","National",
14/03/2020,"LVA","Latvia","National",
14/03/2020,"MDA","Republic of Moldova","National",
14/03/2020,"MKD","North Macedonia","National",
14/03/2020,"MNG","Mongolia","National",
14/03/2020,"NOR","Norway","National",
14/03/2020,"PAK","Pakistan ","National",
14/03/2020,"PAN","Panama","National",
14/03/2020,"PHL","Philippines","Localized",
14/03/2020,"POL","Poland","National",
14/03/2020,"PRK","Democratic People's Republic of Korea","National",
14/03/2020,"PRT","Portugal","Localized",
14/03/2020,"PRY","Paraguay ","National",
14/03/2020,"PSE","Palestine","Localized",
14/03/2020,"QAT","Qatar","National",
14/03/2020,"ROU","Romania","National"," While all schools are closed, most universities are open. "
14/03/2020,"RUS","Russian Federation","Localized",
14/03/2020,"SAU","Saudi Arabia","National",
14/03/2020,"SLV","El Salvador","National",
14/03/2020,"SVK","Slovakia","Localized",
14/03/2020,"TTO","Trinidad and Tobago","National",
14/03/2020,"UKR","Ukraine","National",
14/03/2020,"URY","Uruguay","Localized",
14/03/2020,"USA","United States of America","Localized",
14/03/2020,"VNM","Viet Nam","Localized",
15/03/2020,"AFG","Afghanistan","National",
15/03/2020,"ALB","Albania","National",
15/03/2020,"ARE","United Arab Emirates","National",
15/03/2020,"ARM","Armenia","National",
15/03/2020,"AZE","Azerbaijan","National",
15/03/2020,"BEL","Belgium","National",
15/03/2020,"BHR","Bahrain","National",
15/03/2020,"BIH","Bosnia and Herzegovina","National",
15/03/2020,"BOL","Bolivia ","National","Data on enrolment in tertiary education programmes is not available."
15/03/2020,"BRA","Brazil","Localized",
15/03/2020,"BTN","Bhutan","Localized",
15/03/2020,"CHE","Switzerland","Localized",
15/03/2020,"CHN","China","National",
15/03/2020,"CHN","China, Hong Kong Special Administrative Region","National",
15/03/2020,"CHN","China, Macao Special Administrative Region","National",
15/03/2020,"CYM","Cayman Islands","National","Data on enrolment in tertiary education programmes is not available."
15/03/2020,"CYP","Cyprus","National",
15/03/2020,"CZE","Czechia","National",
15/03/2020,"DEU","Germany","Localized",
15/03/2020,"DNK","Denmark","Localized",
15/03/2020,"DZA","Algeria","National",
15/03/2020,"ECU","Ecuador","National",
15/03/2020,"ESP","Spain","Localized",
15/03/2020,"FRA","France","Localized",
15/03/2020,"GBR","United Kingdom of Great Britain and Northern Ireland","Localized",
15/03/2020,"GEO","Georgia","National",
15/03/2020,"GRC","Greece","National",
15/03/2020,"HND","Honduras","National",
15/03/2020,"HRV","Croatia","National",
15/03/2020,"HUN","Hungary","Localized",
15/03/2020,"IND","India","Localized","While no national level announcement has been made, 27 of 28 states and 5 of 8 union territories have announced school closures with some variations in school levels."
15/03/2020,"IRL","Ireland","National",
15/03/2020,"IRN","Iran (Islamic Republic of)","National",
15/03/2020,"IRQ","Iraq","National"," Universities on term break. Closures not related to COVID-19. "
15/03/2020,"ISR","Israel","National",
15/03/2020,"ITA","Italy","National",
15/03/2020,"JAM","Jamaica","National",
15/03/2020,"JOR","Jordan","National",
15/03/2020,"JPN","Japan","National",
15/03/2020,"KEN","Kenya","National",
15/03/2020,"KHM","Cambodia","Localized",
15/03/2020,"KOR","Republic of Korea","National","Following an initial postponement of 2 weeks, universities have started the academic year. Group and face-to-face classes are strongly discouraged, and universities are offering online classes."
15/03/2020,"KWT","Kuwait","National",
15/03/2020,"LBN","Lebanon","National",
15/03/2020,"LKA","Sri Lanka","National",
15/03/2020,"LVA","Latvia","National",
15/03/2020,"MDA","Republic of Moldova","National",
15/03/2020,"MKD","North Macedonia","National",
15/03/2020,"MNG","Mongolia","National",
15/03/2020,"NOR","Norway","National",
15/03/2020,"PAK","Pakistan ","National",
15/03/2020,"PAN","Panama","National",
15/03/2020,"PHL","Philippines","Localized",
15/03/2020,"POL","Poland","National",
15/03/2020,"PRK","Democratic People's Republic of Korea","National",
15/03/2020,"PRT","Portugal","Localized",
15/03/2020,"PRY","Paraguay ","National",
15/03/2020,"PSE","Palestine","Localized",
15/03/2020,"QAT","Qatar","National",
15/03/2020,"ROU","Romania","National"," While all schools are closed, most universities are open. "
15/03/2020,"RUS","Russian Federation","Localized",
15/03/2020,"SAU","Saudi Arabia","National",
15/03/2020,"SLV","El Salvador","National",
15/03/2020,"SVK","Slovakia","Localized",
15/03/2020,"TTO","Trinidad and Tobago","National",
15/03/2020,"UKR","Ukraine","National",
15/03/2020,"URY","Uruguay","Localized",
15/03/2020,"USA","United States of America","Localized",
15/03/2020,"VNM","Viet Nam","Localized",
16/03/2020,"AFG","Afghanistan","National",
16/03/2020,"ALB","Albania","National",
16/03/2020,"ARE","United Arab Emirates","National",
16/03/2020,"ARG","Argentina ","National",
16/03/2020,"ARM","Armenia","National",
16/03/2020,"AUT","Austria","National",
16/03/2020,"AZE","Azerbaijan","National",
16/03/2020,"BEL","Belgium","National",
16/03/2020,"BFA","Burkina Faso ","National",
16/03/2020,"BGR","Bulgaria","National",
16/03/2020,"BHR","Bahrain","National",
16/03/2020,"BIH","Bosnia and Herzegovina","National",
16/03/2020,"BOL","Bolivia ","National","Data on enrolment in tertiary education programmes is not available."
16/03/2020,"BRA","Brazil","Localized",
16/03/2020,"BTN","Bhutan","Localized",
16/03/2020,"CAN","Canada","Localized",
16/03/2020,"CHE","Switzerland","National",
16/03/2020,"CHL","Chile","National",
16/03/2020,"CHN","China","National",
16/03/2020,"CHN","China, Hong Kong Special Administrative Region","National",
16/03/2020,"CHN","China, Macao Special Administrative Region","National",
16/03/2020,"COL","Colombia","National",
16/03/2020,"CYM","Cayman Islands","National","Data on enrolment in tertiary education programmes is not available."
16/03/2020,"CYP","Cyprus","National",
16/03/2020,"CZE","Czechia","National",
16/03/2020,"DEU","Germany","Localized",
16/03/2020,"DNK","Denmark","National",
16/03/2020,"DZA","Algeria","National",
16/03/2020,"ECU","Ecuador","National",
16/03/2020,"EGY","Egypt","National",
16/03/2020,"ESP","Spain","National",
16/03/2020,"EST","Estonia","National",
16/03/2020,"ETH","Ethiopia","National",
16/03/2020,"FRA","France","National",
16/03/2020,"FRO","Faroe Islands","National","Education will continue in the early grades in special circumstances, and for the higher grades, when considered necessary for the completion of studies."
16/03/2020,"GAB","Gabon","National",
16/03/2020,"GBR","United Kingdom of Great Britain and Northern Ireland","Localized",
16/03/2020,"GEO","Georgia","National",
16/03/2020,"GHA","Ghana","National",
16/03/2020,"GNQ","Equatorial Guinea ","National","Data on enrolment in tertiary education programmes is not available."
16/03/2020,"GRC","Greece","National",
16/03/2020,"GRD","Grenada","National",
16/03/2020,"GTM","Guatemala","National",
16/03/2020,"HND","Honduras","National",
16/03/2020,"HRV","Croatia","National",
16/03/2020,"HUN","Hungary","National",
16/03/2020,"IDN","Indonesia","Localized",
16/03/2020,"IND","India","Localized","While no national level announcement has been made, 27 of 28 states and 5 of 8 union territories have announced school closures with some variations in school levels."
16/03/2020,"IRL","Ireland","National",
16/03/2020,"IRN","Iran (Islamic Republic of)","National",
16/03/2020,"IRQ","Iraq","National"," Universities on term break. Closures not related to COVID-19. "
16/03/2020,"ISL","Iceland","National","Primary education institutions can remain open, if classes of under 20 children are assured."
16/03/2020,"ISR","Israel","National",
16/03/2020,"ITA","Italy","National",
16/03/2020,"JAM","Jamaica","National",
16/03/2020,"JOR","Jordan","National",
16/03/2020,"JPN","Japan","National",
16/03/2020,"KAZ","Kazakhstan","National",
16/03/2020,"KEN","Kenya","National",
16/03/2020,"KGZ","Kyrgyzstan ","National",
16/03/2020,"KHM","Cambodia","National",
16/03/2020,"KOR","Republic of Korea","National","Following an initial postponement of 2 weeks, universities have started the academic year. Group and face-to-face classes are strongly discouraged, and universities are offering online classes."
16/03/2020,"KWT","Kuwait","National",
16/03/2020,"LBN","Lebanon","National",
16/03/2020,"LBY","Libya","National",
16/03/2020,"LCA","Saint Lucia","National",
16/03/2020,"LKA","Sri Lanka","National",
16/03/2020,"LTU","Lithuania","National",
16/03/2020,"LUX","Luxembourg","National",
16/03/2020,"LVA","Latvia","National",
16/03/2020,"MAR","Morocco","National",
16/03/2020,"MDA","Republic of Moldova","National",
16/03/2020,"MKD","North Macedonia","National",
16/03/2020,"MMR","Myanmar","Localized",
16/03/2020,"MNE","Montenegro ","National",
16/03/2020,"MNG","Mongolia","National",
16/03/2020,"MRT","Mauritania ","National",
16/03/2020,"NAM","Namibia  ","National",
16/03/2020,"NLD","Netherlands","National",
16/03/2020,"NOR","Norway","National",
16/03/2020,"PAK","Pakistan ","National",
16/03/2020,"PAN","Panama","National",
16/03/2020,"PER","Peru","National",
16/03/2020,"PHL","Philippines","Localized",
16/03/2020,"POL","Poland","National",
16/03/2020,"PRK","Democratic People's Republic of Korea","National",
16/03/2020,"PRT","Portugal","National",
16/03/2020,"PRY","Paraguay ","National",
16/03/2020,"PSE","Palestine","National",
16/03/2020,"QAT","Qatar","National",
16/03/2020,"ROU","Romania","National"," While all schools are closed, most universities are open. "
16/03/2020,"RUS","Russian Federation","Localized",
16/03/2020,"RWA","Rwanda ","National",
16/03/2020,"SAU","Saudi Arabia","National",
16/03/2020,"SDN","Sudan","National",
16/03/2020,"SEN","Senegal","National",
16/03/2020,"SLV","El Salvador","National",
16/03/2020,"SRB","Serbia","National",
16/03/2020,"SVK","Slovakia","National",
16/03/2020,"SVN","Slovenia","National",
16/03/2020,"SYC","Seychelles","Localized",
16/03/2020,"SYR","Syria Arab Republic","National",
16/03/2020,"TTO","Trinidad and Tobago","National",
16/03/2020,"TUN","Tunisia","National",
16/03/2020,"TUR","Turkey","National",
16/03/2020,"UKR","Ukraine","National",
16/03/2020,"URY","Uruguay","National",
16/03/2020,"USA","United States of America","Localized",
16/03/2020,"UZB","Uzbekistan","National",
16/03/2020,"UZB","Venezuela","National","Data on enrolment in tertiary education programmes is not available."
16/03/2020,"VCT","Saint Vincent and the Grenadines","National",
16/03/2020,"VNM","Viet Nam","Localized",
17/03/2020,"AFG","Afghanistan","National",
17/03/2020,"ALB","Albania","National",
17/03/2020,"ARE","United Arab Emirates","National",
17/03/2020,"ARG","Argentina ","National",
17/03/2020,"ARM","Armenia","National",
17/03/2020,"AUT","Austria","National",
17/03/2020,"AZE","Azerbaijan","National",
17/03/2020,"BEL","Belgium","National",
17/03/2020,"BFA","Burkina Faso ","National",
17/03/2020,"BGD","Bangladesh","National",
17/03/2020,"BGR","Bulgaria","National",
17/03/2020,"BHR","Bahrain","National",
17/03/2020,"BIH","Bosnia and Herzegovina","National",
17/03/2020,"BOL","Bolivia ","National","Data on enrolment in tertiary education programmes is not available."
17/03/2020,"BRA","Brazil","Localized",
17/03/2020,"BTN","Bhutan","Localized",
17/03/2020,"CAN","Canada","Localized",
17/03/2020,"CHE","Switzerland","National",
17/03/2020,"CHL","Chile","National",
17/03/2020,"CHN","China","National",
17/03/2020,"CHN","China, Hong Kong Special Administrative Region","National",
17/03/2020,"CHN","China, Macao Special Administrative Region","National",
17/03/2020,"CIV","Cote d'Ivoire","National",
17/03/2020,"COL","Colombia","National",
17/03/2020,"CRI","Costa Rica","National",
17/03/2020,"CYM","Cayman Islands","National","Data on enrolment in tertiary education programmes is not available."
17/03/2020,"CYP","Cyprus","National",
17/03/2020,"CZE","Czechia","National",
17/03/2020,"DEU","Germany","Localized",
17/03/2020,"DNK","Denmark","National",
17/03/2020,"DZA","Algeria","National",
17/03/2020,"ECU","Ecuador","National",
17/03/2020,"EGY","Egypt","National",
17/03/2020,"ESP","Spain","National",
17/03/2020,"EST","Estonia","National",
17/03/2020,"ETH","Ethiopia","National",
17/03/2020,"FRA","France","National",
17/03/2020,"FRO","Faroe Islands","National","Education will continue in the early grades in special circumstances, and for the higher grades, when considered necessary for the completion of studies."
17/03/2020,"GAB","Gabon","National",
17/03/2020,"GBR","United Kingdom of Great Britain and Northern Ireland","Localized",
17/03/2020,"GEO","Georgia","National",
17/03/2020,"GHA","Ghana","National",
17/03/2020,"GNB","Guinea-Bissau","National","Data on enrolment in tertiary education programmes is not available."
17/03/2020,"GNQ","Equatorial Guinea ","National","Data on enrolment in tertiary education programmes is not available."
17/03/2020,"GRC","Greece","National",
17/03/2020,"GRD","Grenada","National",
17/03/2020,"GTM","Guatemala","National",
17/03/2020,"HND","Honduras","National",
17/03/2020,"HRV","Croatia","National",
17/03/2020,"HUN","Hungary","National",
17/03/2020,"IDN","Indonesia","Localized",
17/03/2020,"IND","India","Localized","While no national level announcement has been made, 27 of 28 states and 5 of 8 union territories have announced school closures with some variations in school levels."
17/03/2020,"IRL","Ireland","National",
17/03/2020,"IRN","Iran (Islamic Republic of)","National",
17/03/2020,"IRQ","Iraq","National"," Universities on term break. Closures not related to COVID-19. "
17/03/2020,"ISL","Iceland","National","Primary education institutions can remain open, if classes of under 20 children are assured."
17/03/2020,"ISR","Israel","National",
17/03/2020,"ITA","Italy","National",
17/03/2020,"JAM","Jamaica","National",
17/03/2020,"JOR","Jordan","National",
17/03/2020,"JPN","Japan","National",
17/03/2020,"KAZ","Kazakhstan","National",
17/03/2020,"KEN","Kenya","National",
17/03/2020,"KGZ","Kyrgyzstan ","National",
17/03/2020,"KHM","Cambodia","National",
17/03/2020,"KOR","Republic of Korea","National","Following an initial postponement of 2 weeks, universities have started the academic year. Group and face-to-face classes are strongly discouraged, and universities are offering online classes."
17/03/2020,"KWT","Kuwait","National",
17/03/2020,"LBN","Lebanon","National",
17/03/2020,"LBY","Libya","National",
17/03/2020,"LCA","Saint Lucia","National",
17/03/2020,"LKA","Sri Lanka","National",
17/03/2020,"LTU","Lithuania","National",
17/03/2020,"LUX","Luxembourg","National",
17/03/2020,"LVA","Latvia","National",
17/03/2020,"MAR","Morocco","National",
17/03/2020,"MDA","Republic of Moldova","National",
17/03/2020,"MKD","North Macedonia","National",
17/03/2020,"MMR","Myanmar","Localized",
17/03/2020,"MNE","Montenegro ","National",
17/03/2020,"MNG","Mongolia","National",
17/03/2020,"MRT","Mauritania ","National",
17/03/2020,"NAM","Namibia  ","National",
17/03/2020,"NLD","Netherlands","National",
17/03/2020,"NOR","Norway","National",
17/03/2020,"PAK","Pakistan ","National",
17/03/2020,"PAN","Panama","National",
17/03/2020,"PER","Peru","National",
17/03/2020,"PHL","Philippines","Localized",
17/03/2020,"POL","Poland","National",
17/03/2020,"PRK","Democratic People's Republic of Korea","National",
17/03/2020,"PRT","Portugal","National",
17/03/2020,"PRY","Paraguay ","National",
17/03/2020,"PSE","Palestine","National",
17/03/2020,"QAT","Qatar","National",
17/03/2020,"ROU","Romania","National"," While all schools are closed, most universities are open. "
17/03/2020,"RUS","Russian Federation","Localized",
17/03/2020,"RWA","Rwanda ","National",
17/03/2020,"SAU","Saudi Arabia","National",
17/03/2020,"SDN","Sudan","National",
17/03/2020,"SEN","Senegal","National",
17/03/2020,"SLV","El Salvador","National",
17/03/2020,"SRB","Serbia","National",
17/03/2020,"SVK","Slovakia","National",
17/03/2020,"SVN","Slovenia","National",
17/03/2020,"SYC","Seychelles","Localized",
17/03/2020,"SYR","Syria Arab Republic","National",
17/03/2020,"TTO","Trinidad and Tobago","National",
17/03/2020,"TUN","Tunisia","National",
17/03/2020,"TUR","Turkey","National",
17/03/2020,"UKR","Ukraine","National",
17/03/2020,"URY","Uruguay","National",
17/03/2020,"USA","United States of America","Localized",
17/03/2020,"UZB","Uzbekistan","National",
17/03/2020,"VCT","Saint Vincent and the Grenadines","National",
17/03/2020,"VEN","Venezuela","National","Data on enrolment in tertiary education programmes is not available."
17/03/2020,"VNM","Viet Nam","Localized",
18/03/2020,"AFG","Afghanistan","National",
18/03/2020,"ALB","Albania","National",
18/03/2020,"ARE","United Arab Emirates","National",
18/03/2020,"ARG","Argentina ","National",
18/03/2020,"ARM","Armenia","National",
18/03/2020,"AUT","Austria","National",
18/03/2020,"AZE","Azerbaijan","National",
18/03/2020,"BEL","Belgium","National",
18/03/2020,"BFA","Burkina Faso ","National",
18/03/2020,"BGD","Bangladesh","National",
18/03/2020,"BGR","Bulgaria","National",
18/03/2020,"BHR","Bahrain","National",
18/03/2020,"BIH","Bosnia and Herzegovina","National",
18/03/2020,"BOL","Bolivia ","National","Data on enrolment in tertiary education programmes is not available."
18/03/2020,"BRA","Brazil","Localized",
18/03/2020,"BTN","Bhutan","Localized",
18/03/2020,"CAN","Canada","Localized",
18/03/2020,"CHE","Switzerland","National",
18/03/2020,"CHL","Chile","National",
18/03/2020,"CHN","China","National",
18/03/2020,"CHN","China, Hong Kong Special Administrative Region","National",
18/03/2020,"CHN","China, Macao Special Administrative Region","National",
18/03/2020,"CIV","Cote d'Ivoire","National",
18/03/2020,"CMR","Cameroon","National",
18/03/2020,"COL","Colombia","National",
18/03/2020,"CRI","Costa Rica","National",
18/03/2020,"CYM","Cayman Islands","National","Data on enrolment in tertiary education programmes is not available."
18/03/2020,"CYP","Cyprus","National",
18/03/2020,"CZE","Czechia","National",
18/03/2020,"DEU","Germany","National",
18/03/2020,"DNK","Denmark","National",
18/03/2020,"DZA","Algeria","National",
18/03/2020,"ECU","Ecuador","National",
18/03/2020,"EGY","Egypt","National",
18/03/2020,"ESP","Spain","National",
18/03/2020,"EST","Estonia","National",
18/03/2020,"ETH","Ethiopia","National",
18/03/2020,"FIN","Finland","National",
18/03/2020,"FRA","France","National",
18/03/2020,"FRO","Faroe Islands","National","Education will continue in the early grades in special circumstances, and for the higher grades, when considered necessary for the completion of studies."
18/03/2020,"GAB","Gabon","National",
18/03/2020,"GBR","United Kingdom of Great Britain and Northern Ireland","Localized",
18/03/2020,"GEO","Georgia","National",
18/03/2020,"GHA","Ghana","National",
18/03/2020,"GMB","Gambia","National",
18/03/2020,"GNB","Guinea-Bissau","National","Data on enrolment in tertiary education programmes is not available."
18/03/2020,"GNQ","Equatorial Guinea ","National","Data on enrolment in tertiary education programmes is not available."
18/03/2020,"GRC","Greece","National",
18/03/2020,"GRD","Grenada","National",
18/03/2020,"GTM","Guatemala","National",
18/03/2020,"HND","Honduras","National",
18/03/2020,"HRV","Croatia","National",
18/03/2020,"HUN","Hungary","National",
18/03/2020,"IDN","Indonesia","Localized",
18/03/2020,"IND","India","Localized","While no national level announcement has been made, 27 of 28 states and 5 of 8 union territories have announced school closures with some variations in school levels."
18/03/2020,"IRL","Ireland","National",
18/03/2020,"IRN","Iran (Islamic Republic of)","National",
18/03/2020,"IRQ","Iraq","National"," Universities on term break. Closures not related to COVID-19. "
18/03/2020,"ISL","Iceland","National","Primary education institutions can remain open, if classes of under 20 children are assured."
18/03/2020,"ISR","Israel","National",
18/03/2020,"ITA","Italy","National",
18/03/2020,"JAM","Jamaica","National",
18/03/2020,"JOR","Jordan","National",
18/03/2020,"JPN","Japan","National",
18/03/2020,"KAZ","Kazakhstan","National",
18/03/2020,"KEN","Kenya","National",
18/03/2020,"KGZ","Kyrgyzstan ","National",
18/03/2020,"KHM","Cambodia","National",
18/03/2020,"KOR","Republic of Korea","National","Following an initial postponement of 2 weeks, universities have started the academic year. Group and face-to-face classes are strongly discouraged, and universities are offering online classes."
18/03/2020,"KWT","Kuwait","National",
18/03/2020,"LBN","Lebanon","National",
18/03/2020,"LBY","Libya","National",
18/03/2020,"LCA","Saint Lucia","National",
18/03/2020,"LKA","Sri Lanka","National",
18/03/2020,"LTU","Lithuania","National",
18/03/2020,"LUX","Luxembourg","National",
18/03/2020,"LVA","Latvia","National",
18/03/2020,"MAR","Morocco","National",
18/03/2020,"MDA","Republic of Moldova","National",
18/03/2020,"MKD","North Macedonia","National",
18/03/2020,"MMR","Myanmar","Localized",
18/03/2020,"MNE","Montenegro ","National",
18/03/2020,"MNG","Mongolia","National",
18/03/2020,"MRT","Mauritania ","National",
18/03/2020,"MYS","Malaysia","National",
18/03/2020,"NAM","Namibia  ","National",
18/03/2020,"NLD","Netherlands","National",
18/03/2020,"NOR","Norway","National",
18/03/2020,"NPL","Nepal","National",
18/03/2020,"PAK","Pakistan ","National",
18/03/2020,"PAN","Panama","National",
18/03/2020,"PER","Peru","National",
18/03/2020,"PHL","Philippines","Localized",
18/03/2020,"POL","Poland","National",
18/03/2020,"PRK","Democratic People's Republic of Korea","National",
18/03/2020,"PRT","Portugal","National",
18/03/2020,"PRY","Paraguay ","National",
18/03/2020,"PSE","Palestine","National",
18/03/2020,"QAT","Qatar","National",
18/03/2020,"ROU","Romania","National"," While all schools are closed, most universities are open. "
18/03/2020,"RUS","Russian Federation","Localized",
18/03/2020,"RWA","Rwanda ","National",
18/03/2020,"SAU","Saudi Arabia","National",
18/03/2020,"SDN","Sudan","National",
18/03/2020,"SEN","Senegal","National",
18/03/2020,"SLV","El Salvador","National",
18/03/2020,"SOM","Somalia","National","Data on enrolment in tertiary education programmes is not available."
18/03/2020,"SRB","Serbia","National",
18/03/2020,"SVK","Slovakia","National",
18/03/2020,"SVN","Slovenia","National",
18/03/2020,"SWE","Sweden","National","National closure of all upper secondary educational institutions and universities."
18/03/2020,"SYC","Seychelles","Localized",
18/03/2020,"SYR","Syria Arab Republic","National",
18/03/2020,"THA","Thailand","National",
18/03/2020,"TTO","Trinidad and Tobago","National",
18/03/2020,"TUN","Tunisia","National",
18/03/2020,"TUR","Turkey","National",
18/03/2020,"UKR","Ukraine","National",
18/03/2020,"URY","Uruguay","National",
18/03/2020,"USA","United States of America","Localized",
18/03/2020,"UZB","Uzbekistan","National",
18/03/2020,"VCT","Saint Vincent and the Grenadines","National",
18/03/2020,"VEN","Venezuela","National","Data on enrolment in tertiary education programmes is not available."
18/03/2020,"VNM","Viet Nam","Localized",
18/03/2020,"ZAF","South Africa","National",
19/03/2020,"AFG","Afghanistan","National",
19/03/2020,"ALB","Albania","National",
19/03/2020,"ARE","United Arab Emirates","National",
19/03/2020,"ARG","Argentina ","National",
19/03/2020,"ARM","Armenia","National",
19/03/2020,"AUT","Austria","National",
19/03/2020,"AZE","Azerbaijan","National",
19/03/2020,"BEL","Belgium","National",
19/03/2020,"BFA","Burkina Faso ","National",
19/03/2020,"BGD","Bangladesh","National",
19/03/2020,"BGR","Bulgaria","National",
19/03/2020,"BHR","Bahrain","National",
19/03/2020,"BIH","Bosnia and Herzegovina","National",
19/03/2020,"BOL","Bolivia ","National","Data on enrolment in tertiary education programmes is not available."
19/03/2020,"BRA","Brazil","Localized",
19/03/2020,"BTN","Bhutan","Localized",
19/03/2020,"CAN","Canada","Localized",
19/03/2020,"CHE","Switzerland","National",
19/03/2020,"CHL","Chile","National",
19/03/2020,"CHN","China","National",
19/03/2020,"CHN","China, Hong Kong Special Administrative Region","National",
19/03/2020,"CHN","China, Macao Special Administrative Region","National",
19/03/2020,"CIV","Cote d'Ivoire","National",
19/03/2020,"CMR","Cameroon","National",
19/03/2020,"COL","Colombia","National",
19/03/2020,"CRI","Costa Rica","National",
19/03/2020,"CYM","Cayman Islands","National","Data on enrolment in tertiary education programmes is not available."
19/03/2020,"CYP","Cyprus","National",
19/03/2020,"CZE","Czechia","National",
19/03/2020,"DEU","Germany","National",
19/03/2020,"DNK","Denmark","National",
19/03/2020,"DZA","Algeria","National",
19/03/2020,"ECU","Ecuador","National",
19/03/2020,"EGY","Egypt","National",
19/03/2020,"ESP","Spain","National",
19/03/2020,"EST","Estonia","National",
19/03/2020,"ETH","Ethiopia","National",
19/03/2020,"FIN","Finland","National",
19/03/2020,"FJI","Fiji","Localized",
19/03/2020,"FRA","France","National",
19/03/2020,"FRO","Faroe Islands","National","Education will continue in the early grades in special circumstances, and for the higher grades, when considered necessary for the completion of studies."
19/03/2020,"GAB","Gabon","National",
19/03/2020,"GBR","United Kingdom of Great Britain and Northern Ireland","Localized",
19/03/2020,"GEO","Georgia","National",
19/03/2020,"GHA","Ghana","National",
19/03/2020,"GMB","Gambia","National",
19/03/2020,"GNB","Guinea-Bissau","National","Data on enrolment in tertiary education programmes is not available."
19/03/2020,"GNQ","Equatorial Guinea ","National","Data on enrolment in tertiary education programmes is not available."
19/03/2020,"GRC","Greece","National",
19/03/2020,"GRD","Grenada","National",
19/03/2020,"GRL","Greenland","Localized",
19/03/2020,"GTM","Guatemala","National",
19/03/2020,"HND","Honduras","National",
19/03/2020,"HRV","Croatia","National",
19/03/2020,"HUN","Hungary","National",
19/03/2020,"IDN","Indonesia","Localized",
19/03/2020,"IND","India","Localized","While no national level announcement has been made, 27 of 28 states and 5 of 8 union territories have announced school closures with some variations in school levels."
19/03/2020,"IRL","Ireland","National",
19/03/2020,"IRN","Iran (Islamic Republic of)","National",
19/03/2020,"IRQ","Iraq","National"," Universities on term break. Closures not related to COVID-19. "
19/03/2020,"ISL","Iceland","National","Primary education institutions can remain open, if classes of under 20 children are assured."
19/03/2020,"ISR","Israel","National",
19/03/2020,"ITA","Italy","National",
19/03/2020,"JAM","Jamaica","National",
19/03/2020,"JOR","Jordan","National",
19/03/2020,"JPN","Japan","National",
19/03/2020,"KAZ","Kazakhstan","National",
19/03/2020,"KEN","Kenya","National",
19/03/2020,"KGZ","Kyrgyzstan ","National",
19/03/2020,"KHM","Cambodia","National",
19/03/2020,"KOR","Republic of Korea","National","Following an initial postponement of 2 weeks, universities have started the academic year. Group and face-to-face classes are strongly discouraged, and universities are offering online classes."
19/03/2020,"KWT","Kuwait","National",
19/03/2020,"LAO","Lao PDR","National",
19/03/2020,"LBN","Lebanon","National",
19/03/2020,"LBY","Libya","National",
19/03/2020,"LCA","Saint Lucia","National",
19/03/2020,"LKA","Sri Lanka","National",
19/03/2020,"LSO","Lesotho","National",
19/03/2020,"LTU","Lithuania","National",
19/03/2020,"LUX","Luxembourg","National",
19/03/2020,"LVA","Latvia","National",
19/03/2020,"MAR","Morocco","National",
19/03/2020,"MDA","Republic of Moldova","National",
19/03/2020,"MKD","North Macedonia","National",
19/03/2020,"MLI","Mali","National",
19/03/2020,"MMR","Myanmar","Localized",
19/03/2020,"MNE","Montenegro ","National",
19/03/2020,"MNG","Mongolia","National",
19/03/2020,"MRT","Mauritania ","National",
19/03/2020,"MUS","Mauritius","National",
19/03/2020,"MYS","Malaysia","National",
19/03/2020,"NAM","Namibia  ","National",
19/03/2020,"NLD","Netherlands","National",
19/03/2020,"NOR","Norway","National",
19/03/2020,"NPL","Nepal","National",
19/03/2020,"PAK","Pakistan ","National",
19/03/2020,"PAN","Panama","National",
19/03/2020,"PER","Peru","National",
19/03/2020,"PHL","Philippines","Localized",
19/03/2020,"POL","Poland","National",
19/03/2020,"PRK","Democratic People's Republic of Korea","National",
19/03/2020,"PRT","Portugal","National",
19/03/2020,"PRY","Paraguay ","National",
19/03/2020,"PSE","Palestine","National",
19/03/2020,"QAT","Qatar","National",
19/03/2020,"ROU","Romania","National"," While all schools are closed, most universities are open. "
19/03/2020,"RUS","Russian Federation","Localized",
19/03/2020,"RWA","Rwanda ","National",
19/03/2020,"SAU","Saudi Arabia","National",
19/03/2020,"SDN","Sudan","National",
19/03/2020,"SEN","Senegal","National",
19/03/2020,"SLV","El Salvador","National",
19/03/2020,"SOM","Somalia","National","Data on enrolment in tertiary education programmes is not available."
19/03/2020,"SRB","Serbia","National",
19/03/2020,"SVK","Slovakia","National",
19/03/2020,"SVN","Slovenia","National",
19/03/2020,"SWE","Sweden","National","National closure of all upper secondary educational institutions and universities."
19/03/2020,"SYC","Seychelles","Localized",
19/03/2020,"SYR","Syria Arab Republic","National",
19/03/2020,"THA","Thailand","National",
19/03/2020,"TTO","Trinidad and Tobago","National",
19/03/2020,"TUN","Tunisia","National",
19/03/2020,"TUR","Turkey","National",
19/03/2020,"TZA","United Republic of Tanzania","National","Data on enrolment in tertiary education programmes is not available."
19/03/2020,"UKR","Ukraine","National",
19/03/2020,"URY","Uruguay","National",
19/03/2020,"USA","United States of America","Localized",
19/03/2020,"UZB","Uzbekistan","National",
19/03/2020,"VCT","Saint Vincent and the Grenadines","National",
19/03/2020,"VEN","Venezuela","National","Data on enrolment in tertiary education programmes is not available."
19/03/2020,"VNM","Viet Nam","Localized",
19/03/2020,"ZAF","South Africa","National",
20/03/2020,"AFG","Afghanistan","National",
20/03/2020,"ALB","Albania","National",
20/03/2020,"ARE","United Arab Emirates","National",
20/03/2020,"ARG","Argentina ","National",
20/03/2020,"ARM","Armenia","National",
20/03/2020,"AUT","Austria","National",
20/03/2020,"AZE","Azerbaijan","National",
20/03/2020,"BEL","Belgium","National",
20/03/2020,"BFA","Burkina Faso ","National",
20/03/2020,"BGD","Bangladesh","National",
20/03/2020,"BGR","Bulgaria","National",
20/03/2020,"BHR","Bahrain","National",
20/03/2020,"BIH","Bosnia and Herzegovina","National",
20/03/2020,"BOL","Bolivia ","National","Data on enrolment in tertiary education programmes is not available."
20/03/2020,"BRA","Brazil","Localized",
20/03/2020,"BTN","Bhutan","Localized",
20/03/2020,"BWA","Botswana","National",
20/03/2020,"CAN","Canada","Localized",
20/03/2020,"CHE","Switzerland","National",
20/03/2020,"CHL","Chile","National",
20/03/2020,"CHN","China","National",
20/03/2020,"CHN","China, Hong Kong Special Administrative Region","National",
20/03/2020,"CHN","China, Macao Special Administrative Region","National",
20/03/2020,"CIV","Cote d'Ivoire","National",
20/03/2020,"CMR","Cameroon","National",
20/03/2020,"COL","Colombia","National",
20/03/2020,"CRI","Costa Rica","National",
20/03/2020,"CYM","Cayman Islands","National","Data on enrolment in tertiary education programmes is not available."
20/03/2020,"CYP","Cyprus","National",
20/03/2020,"CZE","Czechia","National",
20/03/2020,"DEU","Germany","National",
20/03/2020,"DNK","Denmark","National",
20/03/2020,"DZA","Algeria","National",
20/03/2020,"ECU","Ecuador","National",
20/03/2020,"EGY","Egypt","National",
20/03/2020,"ESP","Spain","National",
20/03/2020,"EST","Estonia","National",
20/03/2020,"ETH","Ethiopia","National",
20/03/2020,"FIN","Finland","National",
20/03/2020,"FJI","Fiji","Localized",
20/03/2020,"FRA","France","National",
20/03/2020,"FRO","Faroe Islands","National","Education will continue in the early grades in special circumstances, and for the higher grades, when considered necessary for the completion of studies."
20/03/2020,"GAB","Gabon","National",
20/03/2020,"GBR","United Kingdom of Great Britain and Northern Ireland","National",
20/03/2020,"GEO","Georgia","National",
20/03/2020,"GHA","Ghana","National",
20/03/2020,"GMB","Gambia","National",
20/03/2020,"GNB","Guinea-Bissau","National","Data on enrolment in tertiary education programmes is not available."
20/03/2020,"GNQ","Equatorial Guinea ","National","Data on enrolment in tertiary education programmes is not available."
20/03/2020,"GRC","Greece","National",
20/03/2020,"GRD","Grenada","National",
20/03/2020,"GRL","Greenland","Localized",
20/03/2020,"GTM","Guatemala","National",
20/03/2020,"HND","Honduras","National",
20/03/2020,"HRV","Croatia","National",
20/03/2020,"HUN","Hungary","National",
20/03/2020,"IDN","Indonesia","Localized",
20/03/2020,"IND","India","National","While no national level announcement has been made, 27 of 28 states and 5 of 8 union territories have announced school closures with some variations in school levels."
20/03/2020,"IRL","Ireland","National",
20/03/2020,"IRN","Iran (Islamic Republic of)","National",
20/03/2020,"IRQ","Iraq","National"," Universities on term break. Closures not related to COVID-19. "
20/03/2020,"ISL","Iceland","National","Primary education institutions can remain open, if classes of under 20 children are assured."
20/03/2020,"ISR","Israel","National",
20/03/2020,"ITA","Italy","National",
20/03/2020,"JAM","Jamaica","National",
20/03/2020,"JOR","Jordan","National",
20/03/2020,"JPN","Japan","National",
20/03/2020,"KAZ","Kazakhstan","National",
20/03/2020,"KEN","Kenya","National",
20/03/2020,"KGZ","Kyrgyzstan ","National",
20/03/2020,"KHM","Cambodia","National",
20/03/2020,"KOR","Republic of Korea","National","Following an initial postponement of 2 weeks, universities have started the academic year. Group and face-to-face classes are strongly discouraged, and universities are offering online classes."
20/03/2020,"KWT","Kuwait","National",
20/03/2020,"LAO","Lao PDR","National",
20/03/2020,"LBN","Lebanon","National",
20/03/2020,"LBY","Libya","National",
20/03/2020,"LCA","Saint Lucia","National",
20/03/2020,"LKA","Sri Lanka","National",
20/03/2020,"LSO","Lesotho","National",
20/03/2020,"LTU","Lithuania","National",
20/03/2020,"LUX","Luxembourg","National",
20/03/2020,"LVA","Latvia","National",
20/03/2020,"MAR","Morocco","National",
20/03/2020,"MDA","Republic of Moldova","National",
20/03/2020,"MKD","North Macedonia","National",
20/03/2020,"MLI","Mali","National",
20/03/2020,"MMR","Myanmar","National",
20/03/2020,"MNE","Montenegro ","National",
20/03/2020,"MNG","Mongolia","National",
20/03/2020,"MRT","Mauritania ","National",
20/03/2020,"MUS","Mauritius","National",
20/03/2020,"MYS","Malaysia","National",
20/03/2020,"NAM","Namibia  ","National",
20/03/2020,"NLD","Netherlands","National",
20/03/2020,"NOR","Norway","National",
20/03/2020,"NPL","Nepal","National",
20/03/2020,"PAK","Pakistan ","National",
20/03/2020,"PAN","Panama","National",
20/03/2020,"PER","Peru","National",
20/03/2020,"PHL","Philippines","Localized",
20/03/2020,"POL","Poland","National",
20/03/2020,"PRK","Democratic People's Republic of Korea","National",
20/03/2020,"PRT","Portugal","National",
20/03/2020,"PRY","Paraguay ","National",
20/03/2020,"PSE","Palestine","National",
20/03/2020,"QAT","Qatar","National",
20/03/2020,"ROU","Romania","National"," While all schools are closed, most universities are open. "
20/03/2020,"RUS","Russian Federation","Localized",
20/03/2020,"RWA","Rwanda ","National",
20/03/2020,"SAU","Saudi Arabia","National",
20/03/2020,"SDN","Sudan","National",
20/03/2020,"SEN","Senegal","National",
20/03/2020,"SLV","El Salvador","National",
20/03/2020,"SOM","Somalia","National","Data on enrolment in tertiary education programmes is not available."
20/03/2020,"SRB","Serbia","National",
20/03/2020,"STP","So Tom and Prncipe","National",
20/03/2020,"SVK","Slovakia","National",
20/03/2020,"SVN","Slovenia","National",
20/03/2020,"SWE","Sweden","National","National closure of all upper secondary educational institutions and universities."
20/03/2020,"SYC","Seychelles","Localized",
20/03/2020,"SYR","Syria Arab Republic","National",
20/03/2020,"TCD","Chad","National",
20/03/2020,"THA","Thailand","National",
20/03/2020,"TTO","Trinidad and Tobago","National",
20/03/2020,"TUN","Tunisia","National",
20/03/2020,"TUR","Turkey","National",
20/03/2020,"TZA","United Republic of Tanzania","National","Data on enrolment in tertiary education programmes is not available."
20/03/2020,"UGA","Uganda","National",
20/03/2020,"UKR","Ukraine","National",
20/03/2020,"URY","Uruguay","National",
20/03/2020,"USA","United States of America","Localized",
20/03/2020,"UZB","Uzbekistan","National",
20/03/2020,"VCT","Saint Vincent and the Grenadines","National",
20/03/2020,"VEN","Venezuela","National","Data on enrolment in tertiary education programmes is not available."
20/03/2020,"VNM","Viet Nam","Localized",
20/03/2020,"ZAF","South Africa","National",
20/03/2020,"ZMB","Zambia","National",
